Bird,Sheet,Date,Time,Observer_code,SiteCode,Flock_size,No. Checked,Associates,API,UNR:API,Res Order,Comments
DUBY,,01/05/2017,06:50,"TH, JS",R5,65,,,2.5,,,
2DBY,,01/05/2017,06:50,"TH, JS",R5,65,,2ZBY,3,3,,
2ZBY,,01/05/2017,06:50,"TH, JS",R5,65,,2DBY,3,3,,
IUBY,,01/05/2017,06:50,"TH, JS",R5,65,,,,,,
LZRR,,01/05/2017,06:50,"TH, JS",R5,65,,,,,,
ZJWR,,01/05/2017,06:50,"TH, JS",R5,65,,,,,,
CUBY,,01/05/2017,06:50,"TH, JS",R5,65,,,,,,
FUBY,,01/05/2017,07:29,"TH, JS",N6,150,,,2.5,,,
JLWY,,01/05/2017,07:29,"TH, JS",N6,150,,,,,,
CZBY,,01/05/2017,07:29,"TH, JS",N6,150,,XXBY,,,,
LVBY,,01/05/2017,07:29,"TH, JS",N6,150,,44WB,2,2.5,,
HHBB,,01/05/2017,07:29,"TH, JS",N6,150,,CKBB,2,2,,
44WB,,01/05/2017,07:29,"TH, JS",N6,150,,LVBY,2.5,2,,
7IBY,,01/05/2017,07:29,"TH, JS",N6,150,,,,,,
CKBB,,01/05/2017,07:29,"TH, JS",N6,150,,HHBB,2,2,,
DPON,,01/05/2017,07:29,"TH, JS",N6,150,,CAON,2,2,,
CAON,,01/05/2017,07:29,"TH, JS",N6,150,,DPON,2,2,,
7KBY,,01/05/2017,07:29,"TH, JS",N6,150,,,,,,
UCBY,,01/05/2017,07:29,"TH, JS",N6,150,,IDBY,2,2,,
IDBY,,01/05/2017,07:29,"TH, JS",N6,150,,UCBY,2,2,,
LLLY,,01/05/2017,07:29,"TH, JS",N6,150,,,,,,
2KWR,,01/05/2017,07:29,"TH, JS",N6,150,,96WB,2.5,2,,
ATBY,,01/05/2017,07:29,"TH, JS",N6,150,,,,,,
96WB,,01/05/2017,07:29,"TH, JS",N6,150,,2KWR,2,2.5,,
XXBY,,01/05/2017,07:29,"TH, JS",N6,150,,CZBY,,2,,
D2LY,,01/05/2017,07:57,"TH, JS",R29,90,,unringed,2.5,,,
IZBY,,01/05/2017,07:57,"TH, JS",R29,90,,,2,,,
26WB,,01/05/2017,07:57,"TH, JS",R29,90,,2CWR,2,2.5,,
43WB,,01/05/2017,07:57,"TH, JS",R29,90,,,2,,,
U2BY,,01/05/2017,07:57,"TH, JS",R29,90,,,2,,,
FUBY,,01/05/2017,07:57,"TH, JS",R29,90,,unringed,3,,2,
2CWR,,01/05/2017,07:57,"TH, JS",R29,90,,26WB,2.5,2,,
JUBY,,01/05/2017,08:40,"TH, JS",R29,110,,FVBY,2.5,2,,
FVBY,,01/05/2017,08:40,"TH, JS",R29,110,,JUBY,2,2.5,,
BZBY,,01/05/2017,08:40,"TH, JS",R29,110,,4DBY,2,2,,
4DBY,,01/05/2017,08:40,"TH, JS",R29,110,,BZBY,2,2,,
KIBY,,01/05/2017,08:40,"TH, JS",R29,110,,,2,,,
ZTRY,,01/05/2017,11:00,"TH, JS",G3,20,,,,,,
DTBB,,01/05/2017,11:00,"TH, JS",G3,20,,,,,,
DNBB,,01/05/2017,11:00,"TH, JS",G3,20,,,,,,
X6WR,,01/05/2017,11:00,"TH, JS",G3,20,,,,,,
62WB,,01/05/2017,11:00,"TH, JS",G3,20,,,,,,
2BWR,,01/05/2017,11:00,"TH, JS",G3,20,,,,,,
NDRB,,01/05/2017,11:08,"TH, JS",G2,100,,TSRB,2.5,2,,
TSRB,,01/05/2017,11:08,"TH, JS",G2,100,,NDRB,2,2.5,,
TLRR,,01/05/2017,11:08,"TH, JS",G2,100,,,2,,,
TZLY,,01/05/2017,11:08,"TH, JS",G2,100,,,2.5,,,
H-W-,,01/05/2017,12:00,"TH, JS",R25,130,,,2,,,
2CWR,,01/05/2017,12:00,"TH, JS",R25,130,,,2.5,,,
I9WR,,01/05/2017,12:00,"TH, JS",R25,130,,,3,,,2 juveniles with API 2.5 and 2.0
F3BY,,01/05/2017,12:00,"TH, JS",R25,130,,,2.5,,,
9PBY,,01/05/2017,12:00,"TH, JS",R25,130,,,2.5,,,
32WB,,01/05/2017,12:00,"TH, JS",R25,130,,24WB,3,2.5,,
24WB,,01/05/2017,12:00,"TH, JS",R25,130,,32WB,2.5,3,,
DXON,,01/05/2017,12:00,"TH, JS",R25,130,,unringed,2,2,,
3URR,,01/05/2017,12:00,"TH, JS",R25,130,,,2.5,,,
IVBY,,01/05/2017,12:00,"TH, JS",R25,130,,TUBY,2.5,2,,2 juveniles
TUBY,,01/05/2017,12:00,"TH, JS",R25,130,,IVBY,2,2.5,,2 juveniles
4HYY,,01/05/2017,12:00,"TH, JS",R25,130,,,,,,
PXBY,,01/05/2017,12:00,"TH, JS",R25,130,,unringed,2.5,,,
D2LY,,01/05/2017,12:40,"TH, JS",R25,50,,unringed,2.5,,,
SNBY,,01/05/2017,12:40,"TH, JS",R25,50,,,2.5,,,
4HBY,,01/05/2017,12:40,"TH, JS",R25,110,,4JBY,2.5,3,,
4JBY,,01/05/2017,12:40,"TH, JS",R25,110,,4HBY,3,2.5,,
AXRR,,01/05/2017,12:40,"TH, JS",R25,110,,,3,,,
IUBY,,01/05/2017,12:40,"TH, JS",R25,110,,,2.5,,,
IPRR,,01/05/2017,12:40,"TH, JS",R25,110,,,3,,,
FUBY,,01/05/2017,12:40,"TH, JS",R25,110,,,,,,
(m)Z(m)Y,,01/05/2017,12:40,"TH, JS",R25,110,,,,,,
A-RR,,01/05/2017,12:40,"TH, JS",R25,110,,,,,,
BBBB,,01/05/2017,12:40,"TH, JS",R25,110,,,,,,
KABY,,01/05/2017,12:40,"TH, JS",R25,110,,,,,,
ADON,,01/05/2017,12:40,"TH, JS",R25,110,,unringed,3,2.5,,
(m)B(m)Y,,01/05/2017,12:40,"TH, JS",R25,110,,,,,,
BZBY,,01/05/2017,12:40,"TH, JS",R25,110,,,2,,,
4DBY,,01/05/2017,12:40,"TH, JS",R25,110,,,2,,,
ZAWR,,01/05/2017,12:40,"TH, JS",R25,110,,ZHWR,2,,,1 juvenile
ZHWR,,01/05/2017,12:40,"TH, JS",R25,110,,ZAWR,,2,,1 juvenile
(m)P(m)Y,,01/05/2017,13:44,"TH, JS",R6A,18,,,2,,,2 juveniles
FJRY,,01/05/2017,14:12,"TH, JS",R16,18,,,2,,,
4UBY,,01/05/2017,15:03,"TH, JS",R5,40,,,2.5,,,
4DBY,,01/05/2017,15:03,"TH, JS",R5,40,,BZBY,,,,
BZBY,,01/05/2017,15:03,"TH, JS",R5,40,,4DBY,,,,
F3WR,,01/05/2017,15:03,"TH, JS",R5,40,,unringed,2,2,,
AKBY,,01/05/2017,15:03,"TH, JS",R5,40,,2BDBO,,2,,2 juveniles
2BDBO,,01/05/2017,15:03,"TH, JS",R5,40,,AKBY,2,,,2 juveniles
V6YY,,01/05/2017,15:38,"TH, JS",R29,15,,unringed,1.5,,,VY ring = broken
FUBY,,01/05/2017,15:38,"TH, JS",R29,15,,,,,,
(m)Z(m)Y,,01/05/2017,15:38,"TH, JS",R29,15,,unringed,2,,,
I3YY,,01/05/2017,16:35,"TH, JS",R5,40,,unringed,2,,,3 juveniles
D3LY,,01/05/2017,16:35,"TH, JS",R5,40,,unringed,2,3,,
F3WR,,01/05/2017,16:35,"TH, JS",R5,40,,,2,,,
P2BY,,01/05/2017,16:35,"TH, JS",R5,40,,B2BY,2.5,2,,
B2BY,,01/05/2017,16:35,"TH, JS",R5,40,,P2BY,2,2.5,,
DXON,,01/05/2017,16:35,"TH, JS",R5,40,,,2,,,
42ON,,01/05/2017,16:35,"TH, JS",R5,40,,,2,,,
U2BY,,01/05/2017,17:20,"TH, JS",R29,120,,,,,,
AXRR,,01/05/2017,17:20,"TH, JS",R29,120,,,3,,,
44WB,,01/05/2017,17:20,"TH, JS",R29,120,,,2.5,,,
H3WR,,01/05/2017,17:20,"TH, JS",R29,120,,,2,,,
DTBB,,01/05/2017,17:20,"TH, JS",R29,120,,DNBB,2,2.5,,
DNBB,,01/05/2017,17:20,"TH, JS",R29,120,,DTBB,2.5,2,,
IPRR,,01/05/2017,17:20,"TH, JS",R29,120,,unringed,3,,,
6PBY,,01/05/2017,17:20,"TH, JS",R29,120,,6DBY,2,2.5,,
6DBY,,01/05/2017,17:20,"TH, JS",R29,120,,6PBY,2.5,2,,
B-L-,,01/05/2017,17:20,"TH, JS",R29,120,,,2.5,,,no ring on left leg
#NAME?,,01/05/2017,17:20,"TH, JS",R29,120,,,2,,,no ring on right leg
KVBY,,01/05/2017,17:20,"TH, JS",R29,120,,unringed,3,,,
2CWR,,01/05/2017,18:10,"TH, JS",R25,150,,,,,,
2KWR,,01/05/2017,18:10,"TH, JS",R25,150,,,,,,
44WB,,01/05/2017,18:10,"TH, JS",R25,150,,LVBY,2.5,,,
LVBY,,01/05/2017,18:10,"TH, JS",R25,150,,44WB,,2.5,,
96WB,,01/05/2017,18:10,"TH, JS",R25,150,,,,,,
ATBY,,01/05/2017,18:10,"TH, JS",R25,150,,unringed,2,,,
KVBY,,01/05/2017,18:10,"TH, JS",R25,150,,unringed,2.5,,,
7HWR,,01/05/2017,18:10,"TH, JS",R25,150,,ZAWR,2.5,2,,3 juveniles
D2LY,,01/05/2017,18:10,"TH, JS",R25,150,,unringed,2,,,
ZAWR,,01/05/2017,18:10,"TH, JS",R25,150,,7HWR,2,2.5,,3 juveniles
H6WR,,01/05/2017,18:10,"TH, JS",R25,150,,,2,,,
9NBY,,01/05/2017,18:10,"TH, JS",R25,150,,,2.5,,,
9KBY,,01/05/2017,18:10,"TH, JS",R25,150,,,2.5,,,
PXBY,,01/05/2017,18:10,"TH, JS",R25,150,,,,,,
IUBY,,01/05/2017,18:10,"TH, JS",R25,150,,,,,,
LVBY,,02/05/2017,07:00,"TH, JS",R28,180,,44WB,2.5,2.5,,
44WB,,02/05/2017,07:00,"TH, JS",R28,180,,LVBY,2.5,2.5,,
AXRR,,02/05/2017,07:00,"TH, JS",R28,180,,,2.5,,,
UCBY,,02/05/2017,07:00,"TH, JS",R28,180,,IDBY,2,2,,
IDBY,,02/05/2017,07:00,"TH, JS",R28,180,,UCBY,2,2,,
96WB,,02/05/2017,07:00,"TH, JS",R28,180,,2KWR,2,3,,
26WB,,02/05/2017,07:00,"TH, JS",R28,180,,,3,,,
I3YY,,02/05/2017,07:00,"TH, JS",R28,180,,unringed,3,,,2 juveniles
VZBY,,02/05/2017,07:00,"TH, JS",R28,180,,unringed,2,,,
C2BY,,02/05/2017,07:00,"TH, JS",R28,180,,,3,,,
XZBY,,02/05/2017,07:00,"TH, JS",R28,180,,,3,,,
UHWB,,02/05/2017,07:00,"TH, JS",R28,180,,,2,,,
B2BY,,02/05/2017,07:00,"TH, JS",R28,180,,P2BY,2.5,2.5,,
P2BY,,02/05/2017,07:00,"TH, JS",R28,180,,B2BY,2.5,2.5,,
HHBB,,02/05/2017,07:00,"TH, JS",R28,180,,CKBB,2.5,,,
CKBB,,02/05/2017,07:00,"TH, JS",R28,180,,HHBB,,2.5,,
?PON,,02/05/2017,07:00,"TH, JS",R28,180,,,,,,
CAON,,02/05/2017,07:00,"TH, JS",R28,180,,,2,,,
42ON,,02/05/2017,07:00,"TH, JS",R28,180,,,2.5,,,
PCWR,,02/05/2017,07:00,"TH, JS",R28,180,,ILRR,2.5,3,,
ILRR,,02/05/2017,07:00,"TH, JS",R28,180,,PCWR,3,2.5,,
7ABY,,02/05/2017,07:00,"TH, JS",R28,180,,,2,,,
2KWR,,02/05/2017,07:00,"TH, JS",R28,180,,96WB,3,,,
IPRR,,02/05/2017,11:54,"TH, JS",R25,,,,,,,
XXBY,,02/05/2017,11:54,"TH, JS",R25,,,CZBY,2.5,2.5,,
CZBY,,02/05/2017,11:54,"TH, JS",R25,,,XXBY,2.5,2.5,,
DXON,,02/05/2017,11:54,"TH, JS",R25,,,,3,,,
VZWR,,02/05/2017,11:54,"TH, JS",R25,,,,,,,
K3BY,,02/05/2017,11:54,"TH, JS",R25,,,,3,,,
67ON,,02/05/2017,11:54,"TH, JS",R25,,,,3,,,with collar
N4BY,,02/05/2017,13:07,"TH, JS",R29,15,,,,,,
DNBB,,02/05/2017,13:07,"TH, JS",R29,25,,DTBB,3,2.5,,
DTBB,,02/05/2017,13:07,"TH, JS",R29,25,,DNBB,2.5,3,,
2XRB,,02/05/2017,13:07,"TH, JS",R29,25,,,3,,,
2JWB,,02/05/2017,14:04,"TH, JS",R25,,,,,,,
D3LY,,02/05/2017,14:04,"TH, JS",R25,,,,,,,
FVBY,,02/05/2017,14:04,"TH, JS",R25,,,JUBY,2.5,2.5,,
JUBY,,02/05/2017,14:04,"TH, JS",R25,,,FVBY,2.5,2.5,,
4HYY,,02/05/2017,14:43,"TH, JS",G4,25,,,,,,4Y broken
6BBY,,02/05/2017,14:53,"TH, JS",G4,25,,6FBY,,,,
6FBY,,02/05/2017,14:53,"TH, JS",G4,25,,6BBY,,,,
XSWR,,02/05/2017,14:53,"TH, JS",G4,7,,,,,,
KSWB,,02/05/2017,15:09,"TH, JS",NEW SITE,55,,,2.5,,,
B7BY,,02/05/2017,15:28,"TH, JS",NEW SITE,99,,,3.5,,,
7TRB,,02/05/2017,15:28,"TH, JS",NEW SITE,99,,,3,,,
S6BY,,02/05/2017,15:28,"TH, JS",NEW SITE,99,,,3,,,
3URR,,02/05/2017,15:28,"TH, JS",NEW SITE,99,,,2.5,,,
X6WR,,02/05/2017,15:28,"TH, JS",NEW SITE,99,,,,,,
UDRB,,02/05/2017,15:28,"TH, JS",NEW SITE,99,,,3,,,
S-WB,,02/05/2017,15:49,"TH, JS",NEW SITE,99,,,,,,blue ring stuck on top of knee
I9WR,,02/05/2017,15:49,"TH, JS",NEW SITE,99,,,3,,,
KALY,,02/05/2017,15:49,"TH, JS",NEW SITE,99,,,2.5,,,
V7BY,,02/05/2017,15:49,"TH, JS",NEW SITE,99,,,2.5,,,
KVBY,,02/05/2017,16:00,"TH, JS",R24,15,,,3,,,
LZRR,,02/05/2017,16:00,"TH, JS",R24,15,,,,,,
CUBY,,02/05/2017,16:00,"TH, JS",R24,15,,,3,,,
ATBY,,02/05/2017,16:00,"TH, JS",R24,15,,,2,,,
DXON,,02/05/2017,16:25,"TH, JS",R25,85,,,,,,
ZAWR,,02/05/2017,16:25,"TH, JS",R25,85,,,,,,
9PBY,,02/05/2017,16:25,"TH, JS",R25,85,,,,,,
2CWR,,02/05/2017,16:25,"TH, JS",R25,85,,,,,,
IUBY,,02/05/2017,16:25,"TH, JS",R25,85,,,3,,,
(m)K(m)Y,,02/05/2017,16:25,"TH, JS",R25,85,,,,,,
SKWR,,02/05/2017,16:25,"TH, JS",R25,85,,,,,,
ZHWR,,02/05/2017,16:25,"TH, JS",R25,85,,,,,,
43WB,,02/05/2017,16:25,"TH, JS",R25,85,,26WB,,,,
PCWR,,02/05/2017,16:25,"TH, JS",R25,90,,ILRR,2,2.5,,
ILRR,,02/05/2017,16:25,"TH, JS",R25,90,,PCWR,2.5,2,,
PXBY,,02/05/2017,16:25,"TH, JS",R25,90,,,3,,,
26WB,,02/05/2017,16:25,"TH, JS",R25,90,,43WB,,,,
CTBY,,03/05/2017,06:55,"TH, JS",R6A,30,,,,,,
JTBY,,03/05/2017,06:55,"TH, JS",R6A,30,,,,,,
?P?Y,,03/05/2017,06:55,"TH, JS",R6A,30,,,,,,
HVBY,,03/05/2017,06:55,"TH, JS",R6A,30,,,3,,,
4HYY,,03/05/2017,07:05,"TH, JS",R5,48,,,2.5,,,
2PRY,,03/05/2017,07:05,"TH, JS",R5,48,,,2.5,,,
N2BY,,03/05/2017,07:37,"TH, JS",R17,7,,NZBY,2,2,,
NZBY,,03/05/2017,07:37,"TH, JS",R17,7,,N2BY,2,2,,
D2LY,,03/05/2017,10:23,"TH, JS",R25,12,,,2.5,,,
T2WB,,03/05/2017,10:55,"TH, JS",R27,70,,unringed,3,,,
T3RY,,03/05/2017,10:55,"TH, JS",R27,70,,,2.5,,,
2ZWR,,03/05/2017,10:55,"TH, JS",R27,70,,DTWR,2.5,3,,
96YY,,03/05/2017,10:55,"TH, JS",R27,70,,,,,,
DTWR,,03/05/2017,10:55,"TH, JS",R27,70,,2ZWR,3,2.5,,
ALBY,,03/05/2017,11:15,"TH, JS",R27,24,,FPBY,3,2.5,,
FPBY,,03/05/2017,11:15,"TH, JS",R27,24,,ALBY,2.5,3,,
VZWR,,03/05/2017,11:41,"TH, JS",R6A,28,,unringed,2,,,
DFBB,,03/05/2017,12:35,"TH, JS",G7,37,,,2,,,
PXRY,,03/05/2017,12:35,"TH, JS",G7,37,,,3,,,
XLWR,,03/05/2017,12:35,"TH, JS",G7,37,,X2WR,2.5,3,,
X2WR,,03/05/2017,12:35,"TH, JS",G7,37,,XLWR,3,2.5,,
66RY,,03/05/2017,12:51,"TH, JS",G5,10,,,3,,,
(m)N(m)Y,,03/05/2017,13:13,"TH, JS",G3,38,,,3,,,
L3BY,,03/05/2017,13:13,"TH, JS",G3,38,,unringed,3,,,
62WB,,03/05/2017,13:29,"TH, JS",G2,20,,,3,,,
ZFWB,,03/05/2017,13:29,"TH, JS",G2,20,,unringed,3,,,
6JBY,,03/05/2017,13:57,"TH, JS",G2,43,,6ABY,3,2,,
6ABY,,03/05/2017,13:57,"TH, JS",G2,43,,6JBY,2,3,,
6LBY,,03/05/2017,14:18,"TH, JS",G3,52,,,2.5,,,
2PWR,,03/05/2017,14:18,"TH, JS",G3,52,,2NWR,2,3,,
2NWR,,03/05/2017,14:18,"TH, JS",G3,52,,2PWR,3,2,,
(m)H(m)Y,,03/05/2017,14:18,"TH, JS",G3,52,,,2,,,
H3WR,,03/05/2017,14:50,"TH, JS",R6A,50,,,2.5,,,
CUBY,,03/05/2017,14:50,"TH, JS",R6A,50,,LZRR,2.5,,,
LZRR,,03/05/2017,14:50,"TH, JS",R6A,50,,CUBY,,2.5,,
FVBY,,03/05/2017,14:50,"TH, JS",R6A,50,,JUBY,,,,
JUBY,,03/05/2017,14:50,"TH, JS",R6A,50,,FVBY,,,,
D3LY,,03/05/2017,17:45,"TH, JS",R6A,27,,unringed,2,,,
PUBY,,03/05/2017,18:04,"TH, JS",R6A,10,,HVBY,2.5,3.5,,
HVBY,,03/05/2017,18:04,"TH, JS",R6A,10,,PUBY,3.5,2.5,,
2CWR,,03/05/2017,18:36,"TH, JS",R5,20,,unringed,2.5,,,
B7BY,,03/05/2017,18:45,"TH, JS",R5,57,,,3,,,Juvenile
IPRR,,03/05/2017,18:45,"TH, JS",R5,57,,,,,,
VXBY,,03/05/2017,19:00,"TH, JS",R5,2,,HZBY,2,2.5,,
HZBY,,03/05/2017,19:00,"TH, JS",R5,2,,VXBY,2.5,2,,
AHRR,,04/05/2017,06:30,"TH, JS",G3,19,,,2.5,,,
UDRB,,04/05/2017,06:33,"TH, JS",G3,30,,,2.5,,,
9VBY,,04/05/2017,06:33,"TH, JS",G3,30,,,4,,,
9NBY,,04/05/2017,06:33,"TH, JS",G3,30,,S-Y-,2.5,2,,possibly one juvenile
S-Y-,,04/05/2017,06:33,"TH, JS",G3,30,,9NBY,2,2.5,,no ring on left
KALY,,04/05/2017,06:33,"TH, JS",G3,30,,,3,,,
XVWR,,04/05/2017,06:42,"TH, JS",R1,30,,,,,,
X-W-,,04/05/2017,06:42,"TH, JS",R1,30,,,,,,
DTBB,,04/05/2017,06:42,"TH, JS",R1,30,,DNBB,2.5,3,,
DNBB,,04/05/2017,06:42,"TH, JS",R1,30,,DTBB,3,2.5,,
IJRY,,04/05/2017,06:42,"TH, JS",R1,30,,unringed ,3,,,
(m)N(m)Y,,04/05/2017,07:05,"TH, JS",,35,,,3,,,broken N ring
XSWR,,04/05/2017,07:05,"TH, JS",,35,,,,,,
(m)L(m)Y,,04/05/2017,07:05,"TH, JS",,35,,,,,,
IUBY,,04/05/2017,07:45,"TH, JS",R6A,50,,,2.5,,,
U2BY,,04/05/2017,08:09,"TH, JS",R16,20,,,,,,
IZBY,,04/05/2017,08:09,"TH, JS",R16,20,,,,,,
ZTRY,,04/05/2017,,"TH, JS",G2,18,,,2,,,
DPON,,04/05/2017,10:50,"TH, JS",R5,50,,,2.5,,,
CAON,,04/05/2017,10:50,"TH, JS",R5,50,,,2.5,,,
T2BY,,04/05/2017,11:00,"TH, JS",R16,23,,,2.5,,,
D2BY,,04/05/2017,11:00,"TH, JS",R16,23,,,3,,,
XSWR,,04/05/2017,,"TH, JS",G7,12,,,2.5,,,
H2WR,,04/05/2017,14:52,"TH, JS",R6A,80,,,2.5,,,
BTBY,,04/05/2017,14:52,"TH, JS",R6A,80,,,,,,
B7BY,,04/05/2017,14:52,"TH, JS",R6A,80,,,3,,,
ADON,,04/05/2017,15:14,"TH, JS",R5,29,,unringed,3,,,
2JWR,,04/05/2017,15:14,"TH, JS",R5,29,,,3,,,
6LBY,,04/05/2017,16:14,"TH, JS",G3,,,,2.5,,,
XXRR,,04/05/2017,,"TH, JS",G2,28,,,2.5,,,
6ABY,,04/05/2017,16:36,"TH, JS",G2,60,,6JBY,2.5,2.5,,
6JBY,,04/05/2017,16:36,"TH, JS",G2,60,,6ABY,2.5,2.5,,
UBRY,,04/05/2017,16:36,"TH, JS",G2,60,,unringed,3,,,
67ON,,04/05/2017,16:36,"TH, JS",G2,60,,K3BY,2.5,2.5,,
K3BY,,04/05/2017,16:36,"TH, JS",G2,60,,67ON,2.5,2.5,,
ZTRY,,04/05/2017,16:36,"TH, JS",G2,60,,,3,,,
2CWR,,04/05/2017,18:06,"TH, JS",R6A,17,,,3.5,,,
DPON,,04/05/2017,18:06,"TH, JS",R6A,17,,CAON,2.5,2,,
CAON,,04/05/2017,18:06,"TH, JS",R6A,17,,DPON,2,2.5,,
IPRR,,04/05/2017,18:06,"TH, JS",R6A,17,,,,,,
JUBY,,04/05/2017,18:06,"TH, JS",R5,37,,FVBY,2.5,2.5,,
FVBY,,04/05/2017,18:06,"TH, JS",R5,37,,JUBY,2.5,2.5,,
THLY,,04/05/2017,18:06,"TH, JS",R5,37,,,3,,,
H2WR,,04/05/2017,18:06,"TH, JS",R5,37,,,2.5,,,
47RR,,04/05/2017,18:51,"TH, JS",R5,60,,,3,,,
43WB,,04/05/2017,18:51,"TH, JS",R5,60,,26WB,3.5,2,,
26WB,,04/05/2017,18:51,"TH, JS",R5,60,,43WB,2,3.5,,
7ABY,,04/05/2017,18:51,"TH, JS",R5,60,,,2.5,,,
UHWB,,04/05/2017,19:09,"TH, JS",R5,35,,,,,,
ICBY,,04/05/2017,19:09,"TH, JS",R5,35,,,2,,,
CKBY,,04/05/2017,19:09,"TH, JS",R5,35,,9NBY,,,,
9NBY,,04/05/2017,19:09,"TH, JS",R5,35,,CKBY,,,,
F3WR,,04/05/2017,19:09,"TH, JS",R5,35,,,2,,,
ICBY,,05/05/2017,06:35,"TH, JS",R6A,8,,,,,,
(m)K(m)Y,,05/05/2017,06:44,"TH, JS",R29,61,,unringed,2.5,,,
9PBY,,05/05/2017,06:44,"TH, JS",R29,61,,unringed,3,,,
H6WR,,05/05/2017,06:44,"TH, JS",R29,61,,,3,,,
BILY,,05/05/2017,06:44,"TH, JS",R29,61,,,2.5,,,
DUBY,,05/05/2017,06:44,"TH, JS",R29,61,,,2.5,,,
DZLY,,05/05/2017,06:44,"TH, JS",R29,61,,,,,,
6KBY,,05/05/2017,07:16,"TH, JS",R6B,42,,unringed,2.5,,,
J-L-,,05/05/2017,07:16,"TH, JS",R6B,42,,unringed,2.5,,,
4UBY,,05/05/2017,07:16,"TH, JS",R6B,42,,unringed,2.5,,,
H6WR,,05/05/2017,07:16,"TH, JS",R6B,42,,unringed,3,,,
6PBY,,05/05/2017,07:48,"TH, JS",G6,27,,,,,,
6BBY,,05/05/2017,07:48,"TH, JS",G6,27,,,,,,
DTBB,,05/05/2017,07:48,"TH, JS",G6,27,,DNBB,2.5,2.5,,
DNBB,,05/05/2017,07:48,"TH, JS",G6,27,,DTBB,2.5,2.5,,
(m)B(m)Y,,05/05/2017,07:48,"TH, JS",G6,27,,unringed,3,,,
6LBY,,05/05/2017,07:54,"TH, JS",G4,45,,,2.5,,,
NTWB,,05/05/2017,07:54,"TH, JS",G4,45,,unringed,2.5,,,
XSWR,,05/05/2017,07:54,"TH, JS",G4,45,,,2.5,,,
(m)H(m)Y,,05/05/2017,07:54,"TH, JS",G4,45,,,,,,
6FBY,,05/05/2017,07:54,"TH, JS",G4,45,,6BBY,2.5,3,,
6BBY,,05/05/2017,07:54,"TH, JS",G4,45,,6FBY,3,2.5,,
X-W-,,05/05/2017,07:54,"TH, JS",G4,45,,XVWR,2.5,2.5,,
XVWR,,05/05/2017,07:54,"TH, JS",G4,45,,X-W-,2.5,2.5,,
2NWR,,05/05/2017,07:54,"TH, JS",G4,45,,2PWR,3,2.5,,
2PWR,,05/05/2017,07:54,"TH, JS",G4,45,,2NWR,2.5,3,,
6ABY,,05/05/2017,08:31,"TH, JS",G2,,,6JBY,,,,
6JBY,,05/05/2017,08:31,"TH, JS",G2,,,6ABY,,,,
62WB,,05/05/2017,08:31,"TH, JS",G2,,,,,,,
6HBY,,05/05/2017,08:35,"TH, JS",G1,60,,6NBY,,,,
6NBY,,05/05/2017,08:35,"TH, JS",G1,60,,6HBY,,,,
TSRB,,05/05/2017,08:35,"TH, JS",G1,60,,NDRB,,2.5,,
NDRB,,05/05/2017,08:35,"TH, JS",G1,60,,TSRB,2.5,,,
FJRY,,05/05/2017,12:14,"TH, JS",R17,2,,,2,,,
CAON,,05/05/2017,12:36,"TH, JS",R28,30,,,,,,
(m)P(m)Y,,05/05/2017,12:56,"TH, JS",G6,25,,,,,,yellow ring broken
9NBY,,05/05/2017,13:30,"TH, JS",R5,45,,,,,,
DAON,,05/05/2017,13:30,"TH, JS",R5,45,,DPON,,,,
DPON,,05/05/2017,13:30,"TH, JS",R5,45,,DAON,,,,
IPRR,,05/05/2017,13:30,"TH, JS",R5,45,,,,,,
H2WR,,05/05/2017,13:30,"TH, JS",R5,45,,,,,,
FVBY,,05/05/2017,13:30,"TH, JS",R5,45,,JUBY,,,,
JUBY,,05/05/2017,13:30,"TH, JS",R5,45,,FVBY,,,,
4IBY,,05/05/2017,13:30,"TH, JS",R5,5,,,,,,
I3YY,,05/05/2017,13:30,"TH, JS",R5,5,,unringed,,,,3 juveniles
47RR,,05/05/2017,14:27,"TH, JS",UK,60,,unringed,3,,,
2BWR,,05/05/2017,14:52,"TH, JS",G2,50,,unringed,2.5,,,
UBRY,,05/05/2017,14:52,"TH, JS",G2,50,,unringed,3,,,
67ON,,05/05/2017,14:52,"TH, JS",G2,50,,,,,,
K3BY,,05/05/2017,14:52,"TH, JS",G2,50,,,2.5,,,
6NBY,,05/05/2017,14:52,"TH, JS",G2,50,,,,,,
6HBY,,05/05/2017,14:52,"TH, JS",G2,50,,,,,,
ZTRY,,05/05/2017,14:52,"TH, JS",G2,50,,,2.5,,,
DTBB,,05/05/2017,15:26,"TH, JS",R1,70,,,,,,
DZBY,,05/05/2017,15:26,"TH, JS",R1,70,,,2.5,,,
(m)C(m)Y,,05/05/2017,15:44,"TH, JS",G7,7,,,,,,ring stuck above knee
2PRY,,05/05/2017,16:12,"TH, JS",R16,4,,,2.5,,,
AXBO,,05/05/2017,16:12,"TH, JS",R16,4,,2BDBO,3,3,,1 juvenile
2BDBO,,05/05/2017,16:12,"TH, JS",R16,4,,AXBO,3,3,,1 juvenile
ICBY,,05/05/2017,16:52,"TH, JS",R5,70,,,,,,
H2WR,,05/05/2017,16:52,"TH, JS",R5,70,,,,,,
C2WR,,05/05/2017,16:52,"TH, JS",R5,70,,,,,,
2JWR,,05/05/2017,16:52,"TH, JS",R5,70,,,,,,
DPON,,05/05/2017,16:52,"TH, JS",R5,70,,,,,,
CAON,,05/05/2017,16:52,"TH, JS",R5,70,,,,,,
FVBY,,05/05/2017,16:52,"TH, JS",R5,70,,JUBY,3,,,
JUBY,,05/05/2017,16:52,"TH, JS",R5,70,,FVBY,,3,,
X2WR,,05/05/2017,16:59,"TH, JS",G7,6,,XLWR,2.5,3,,
XLWR,,05/05/2017,16:59,"TH, JS",G7,6,,X2WR,3,2.5,,
IHLY,,05/05/2017,17:13,"TH, JS",N3,2,,unringed,2.5,,,
7ABY,,05/05/2017,18:04,"TH, JS",R28,23,,,,,,
ZAWR,,05/05/2017,18:04,"TH, JS",R28,23,,ZHWR,2,3,,
ZHWR,,05/05/2017,18:04,"TH, JS",R28,23,,ZAWR,3,2,,
UHWB,,05/05/2017,18:04,"TH, JS",R28,23,,,,,,
IUBY,,07/05/2017,06:36,"TH, JS",R6B,120,,unringed,3.5,,,
34WB,,07/05/2017,06:36,"TH, JS",R6B,120,,47WB,,,,limping
47WB,,07/05/2017,06:36,"TH, JS",R6B,120,,34WB,2.5,,,
D3LY,,07/05/2017,06:36,"TH, JS",R6B,120,,,,,,
9NBY,,07/05/2017,06:36,"TH, JS",R6B,120,,,,,,
S6YY,,07/05/2017,07:00,"TH, JS",R6A,80,,unringed,3.5,,,
(m)P(m)Y,,07/05/2017,07:00,"TH, JS",R6A,81,,unringed,2,,,
T2BY,,07/05/2017,07:00,"TH, JS",R6A,82,,D2BY,3,3,,
D2BY,,07/05/2017,07:00,"TH, JS",R6A,83,,T2BY,3,3,,
2BDBO,,07/05/2017,07:00,"TH, JS",R6A,84,,AXBY,3,2.5,,2 juveniles 
AXBY,,07/05/2017,07:00,"TH, JS",R6A,85,,2BDBO,2.5,3,,
4FBY,,07/05/2017,07:00,"TH, JS",R6A,86,,,,,,
ADON,,07/05/2017,07:00,"TH, JS",R6A,87,,,,,,
4UBY,,07/05/2017,07:00,"TH, JS",R6A,88,,unringed,3,,,
HHBY,,07/05/2017,07:00,"TH, JS",R6A,89,,,,,,
4JBY,,07/05/2017,07:00,"TH, JS",R6A,90,,,,,,
2JWR,,07/05/2017,08:36,"TH, JS",R6A,20,,,4,,,
ICBY,,07/05/2017,08:36,"TH, JS",R6A,20,,,,,,
IJBY,,07/05/2017,08:36,"TH, JS",R6A,20,,,4,,,
2DBY,,07/05/2017,08:56,"TH, JS",R5,22,,2ZBY,2.5,3,,
2ZBY,,07/05/2017,08:56,"TH, JS",R5,22,,2DBY,3,2.5,,
(m)X(m)Y,,07/05/2017,09:28,"TH, JS",N1,40,,TVRY,3,2.5,,
TVRY,,07/05/2017,09:28,"TH, JS",N1,40,,(m)X(m)Y,2.5,3,,
PXRY,,07/05/2017,09:28,"TH, JS",N1,40,,unringed,3,,,1 juvenile
6LBY,,07/05/2017,09:55,"TH, JS",G2,40,,,3,,,
UBRY,,07/05/2017,09:55,"TH, JS",G2,40,,,2.5,,,
ZFWB,,07/05/2017,09:55,"TH, JS",G2,40,,,3.5,,,
IHLY,,07/05/2017,10:28,"TH, JS",N3,2,,unringed,2,,,
NZBY,,07/05/2017,11:18,"TH, JS",R17,20,,,3,,,
2PRY,,07/05/2017,11:18,"TH, JS",R17,20,,unringed,3,,,
I3YY,,07/05/2017,11:18,"TH, JS",R17,15,,,3,,,"3 juveniles (3.5, 4, ?)"
UJWB,,07/05/2017,15:39,"TH, JS",G3,11,,,3,,,
62WB,,07/05/2017,15:39,"TH, JS",G3,11,,,,,,
HKBB,,07/05/2017,16:02,"TH, JS",G2,8,,unringed,3,,,5 juveniles
H2WR,,07/05/2017,16:31,"TH, JS",G2,17,,,3,,,
FTBY,,07/05/2017,16:38,"TH, JS",R16,5,,CCRY,2,4,,
CCRY,,07/05/2017,16:38,"TH, JS",R16,5,,FTBY,4,2,,
CZBY,,07/05/2017,16:57,"TH, JS",R16,9,,,3,,,
DPON,,07/05/2017,17:14,"TH, JS",R28,70,,,,,,
DAON,,07/05/2017,17:14,"TH, JS",R28,70,,,,,,
HPBB,,07/05/2017,17:14,"TH, JS",R28,70,,unringed,3,,,
47RR,,07/05/2017,17:14,"TH, JS",R28,70,,,3,,,
2FWR,,07/05/2017,17:14,"TH, JS",R28,70,,,2.5,,,
VXBY,,07/05/2017,18:03,"TH, JS",R5,40,,HZBY,,,,
HZBY,,07/05/2017,18:03,"TH, JS",R5,40,,VXBY,,,,
IUBY,,07/05/2017,18:03,"TH, JS",R5,40,,,,,,
2CWR,,07/05/2017,18:03,"TH, JS",R5,40,,,,,,
UULY,,07/05/2017,18:17,"TH, JS",G3,9,,L3BY,4,,,
L3BY,,07/05/2017,18:17,"TH, JS",G3,9,,UULY,,4,,
77WB,,07/05/2017,18:17,"TH, JS",G3,,,6-W-,3,2.5,,
6-W-,,07/05/2017,18:17,"TH, JS",G3,,,77WB,2.5,3,,no left ring
2TRY,,07/05/2017,18:17,"TH, JS",G3,,,,,,,
2NWR,,07/05/2017,18:17,"TH, JS",G3,,,2PWR,,,,
2PWR,,07/05/2017,18:17,"TH, JS",G3,,,2NWR,,,,
6ABY,,07/05/2017,18:17,"TH, JS",G3,,,6JBY,,3,,
6JBY,,07/05/2017,18:17,"TH, JS",G3,,,6ABY,3,,,
DZBY,,07/05/2017,18:17,"TH, JS",G3,,,UBRY,2,,,
UBRY,,07/05/2017,18:17,"TH, JS",G3,,,DZBY,,2,,
KVBY,,08/05/2017,06:30,"TH, JS",R6B,17,,unringed,3,,,
C3RY,,08/05/2017,06:30,"TH, JS",R6B,25,,unringed,3,3,,
D2BY,,08/05/2017,06:50,"TH, JS",R6A,,,T2BY,,,,
T2BY,,08/05/2017,06:50,"TH, JS",R6A,,,D2BY,,,,
2BDBO,,08/05/2017,06:53,"TH, JS",R6A,13,,AXBY,3,,,
AXBY,,08/05/2017,06:53,"TH, JS",R6A,13,,2BDBO,,3,,
ALBY,,08/05/2017,07:15,"TH, JS",R27,20,,FPBY,4,3,,4 juveniles
FPBY,,08/05/2017,07:15,"TH, JS",R27,20,,ALBY,3,4,,4 juveniles
9NBY,,08/05/2017,07:50,"TH, JS",R5,35,,,2.5,,,
26WB,,08/05/2017,08:10,"TH, JS",R28,130,,43WB,,,,
43WB,,08/05/2017,08:10,"TH, JS",R28,130,,26WB,,,,
2-R-,,08/05/2017,08:10,"TH, JS",R28,130,,,,,,
9NBY,,08/05/2017,08:10,"TH, JS",R28,130,,,,,,
VXBY,,08/05/2017,08:10,"TH, JS",R28,130,,HZBY,2.5,3,,
HZBY,,08/05/2017,08:10,"TH, JS",R28,130,,VXBY,3,2.5,,
XXBY,,08/05/2017,08:10,"TH, JS",R28,130,,CZBY,3.5,3,,
ICBY,,08/05/2017,08:10,"TH, JS",R28,130,,,,,,
DPON,,08/05/2017,08:10,"TH, JS",R28,130,,,3,,,
DAON,,08/05/2017,08:10,"TH, JS",R28,130,,,2.5,,,
CZBY,,08/05/2017,08:10,"TH, JS",R28,130,,XXBY,3,3.5,,
DNBB,,08/05/2017,09:00,"TH, JS",R1,70,,DTBB,,,,
DTBB,,08/05/2017,09:00,"TH, JS",R1,70,,DNBB,,,,
6DBY,,08/05/2017,09:00,"TH, JS",R1,70,,6PBY,4.5,3.5,,
6PBY,,08/05/2017,09:00,"TH, JS",R1,70,,6DBY,3.5,4.5,,
KALY,,08/05/2017,09:00,"TH, JS",R1,70,,,2.5,,,
6ABY,,08/05/2017,09:30,"TH, JS",G2,6,,,2.5,,,
6JBY,,08/05/2017,09:30,"TH, JS",G2,6,,,3,,,
NDRB,,08/05/2017,09:43,"TH, JS",G2,70,,TSRB,,,,5 juveniles
TSRB,,08/05/2017,09:43,"TH, JS",G2,70,,NDRB,,,,5 juveniles
6HBY,,08/05/2017,09:43,"TH, JS",G2,70,,6NBY,,,,
6NBY,,08/05/2017,09:43,"TH, JS",G2,70,,6HBY,,,,
CFBY,,08/05/2017,10:31,"TH, JS",R27,15,,,3,,,
AZBY,,08/05/2017,10:31,"TH, JS",R27,15,,unringed,3,,,1 juvenile 
4KYY,,08/05/2017,10:31,"TH, JS",R27,15,,unringed,3,,,
D7WR,,08/05/2017,10:31,"TH, JS",R27,15,,2ZWR,3,3,,
2ZWR,,08/05/2017,10:31,"TH, JS",R27,15,,D7WR,3,3,,
CAON,,08/05/2017,15:32,"TH, JS",R6A,60,,DPON,,,,
DPON,,08/05/2017,15:32,"TH, JS",R6A,60,,CAON,,,,
6KBY,,08/05/2017,15:32,"TH, JS",R6A,60,,,,,,
V2WR,,08/05/2017,15:32,"TH, JS",R6A,60,,,,,,
96WB,,08/05/2017,15:32,"TH, JS",G10,60,,,2.5,,,
2KWB,,08/05/2017,15:32,"TH, JS",R6A,60,,,,,,
2CWR,,08/05/2017,15:51,"TH, JS",R5,100,,,4,,,1 juvenile
2ZBY,,08/05/2017,15:51,"TH, JS",R5,100,,2DBY,,,,
2DBY,,08/05/2017,15:51,"TH, JS",R5,100,,2ZBY,,,,
26WB,,08/05/2017,15:51,"TH, JS",R5,100,,43WB,2.5,3.5,,
43WB,,08/05/2017,15:51,"TH, JS",R5,100,,26WB,3.5,2.5,,
HPBB,,08/05/2017,15:51,"TH, JS",R5,100,,,,,,
H2WR,,08/05/2017,15:51,"TH, JS",R5,100,,,,,,
JUBY,,08/05/2017,15:51,"TH, JS",R5,100,,FVBY,3,3,,
FVBY,,08/05/2017,15:51,"TH, JS",R5,100,,JUBY,3,3,,
ADON,,08/05/2017,15:51,"TH, JS",R5,100,,unringed,3.5,,,
ICBY,,08/05/2017,15:51,"TH, JS",R5,100,,,,,,
2ZBY,,08/05/2017,15:51,"TH, JS",R5,100,,,4,,,
UCBY,,09/05/2017,06:40,"TH, JS",R28,70,,IDBY,,3,,
IDBY,,09/05/2017,06:40,"TH, JS",R28,70,,UCBY,3,,,
ATBY,,09/05/2017,06:40,"TH, JS",R28,70,,unringed,3,,,
4FBY,,09/05/2017,08:01,"TH, JS",R6B,60,,,,,,
SDRY,,09/05/2017,08:01,"TH, JS",R6B,60,,-C-Y,5,,,1 juvenile
-C-Y,,09/05/2017,08:01,"TH, JS",R6B,60,,KSWB,,5,,
KSWB,,09/05/2017,08:01,"TH, JS",R6B,60,,,2.5,,,
77WB,,09/05/2017,08:37,"TH, JS",G3,20,,6-W-,,,,
6-W-,,09/05/2017,08:37,"TH, JS",G3,20,,77WB,,,,
L3BY,,09/05/2017,08:37,"TH, JS",G3,20,,unringed,3.5,,,
62WB,,09/05/2017,08:37,"TH, JS",G3,6,,unringed,4,,,
ZTRY,,09/05/2017,09:00,"TH, JS",G2,20,,,3,,,
UBRY,,09/05/2017,09:00,"TH, JS",G2,20,,,3.5,,,
X6WR,,09/05/2017,09:00,"TH, JS",G2,20,,unringed,4,,,
FJRY,,09/05/2017,10:13,"TH, JS",R17,17,,,3.5,,,
DXBY,,09/05/2017,10:13,"TH, JS",R17,17,,,4,,,
THLY,,09/05/2017,10:45,"TH, JS",R5,7,,unringed,3.5,2.5,,5 juveniles
6ABY,,09/05/2017,12:12,"TH, JS",G2,4,,6JBY,,3.5,,
6JBY,,09/05/2017,12:12,"TH, JS",G2,4,,6ABY,3.5,,,
HPBB,,09/05/2017,20:07,"TH, JS",R25,25,,,4,,,
UJWB,,09/05/2017,20:27,"TH, JS",G4,15,,unringed,4,,,2 juveniles
2BWR,,09/05/2017,20:34,"TH, JS",G3,9,,unringed,3,,,
7IBY,,09/05/2017,20:34,"TH, JS",G3,9,,,3,,,
UBRY,,09/05/2017,20:47,"TH, JS",G2,25,,unringed,3,,,
B-L-,,09/05/2017,20:47,"TH, JS",G2,25,,,3,,,
XXRR,,09/05/2017,20:47,"TH, JS",G2,25,,,3,,,
6LBY,,09/05/2017,21:07,"TH, JS",R1,40,,,,,,
FXRY,,09/05/2017,21:07,"TH, JS",R1,40,,,,,,
TSRB,,09/05/2017,21:07,"TH, JS",R1,40,,,,,,
NDRB,,09/05/2017,21:07,"TH, JS",R1,40,,,,,,
2CWR,,09/05/2017,21:28,"TH, JS",R6A,50,,,,,,
HHBB,,09/05/2017,21:28,"TH, JS",R6A,50,,,,,,
CKBB,,09/05/2017,21:28,"TH, JS",R6A,50,,,,,,
JUBY,,09/05/2017,21:28,"TH, JS",R6A,50,,,,,,
FVBY,,09/05/2017,21:28,"TH, JS",R6A,50,,,,,,
CUBY,,09/05/2017,21:28,"TH, JS",R6A,50,,,4,,,
U2BY,,09/05/2017,21:28,"TH, JS",R6A,50,,,,,,
IZBY,,09/05/2017,21:28,"TH, JS",R6A,50,,,2.5,,,
HZBY,,09/05/2017,21:28,"TH, JS",R6A,50,,,,,,
VXBY,,09/05/2017,21:28,"TH, JS",R6A,50,,,,,,
H3WR,,09/05/2017,21:28,"TH, JS",R6A,50,,,,,,
ZHWR,,09/05/2017,21:28,"TH, JS",R6A,50,,,,,,
ZAWR,,09/05/2017,21:28,"TH, JS",R6A,50,,,,,,
CTBY,,10/05/2017,07:20,"TH, JS",R6B,7,,,,,,
JTBY,,10/05/2017,07:20,"TH, JS",R6B,7,,,,,,
XJBY,,10/05/2017,07:20,"TH, JS",R6B,7,,62BY,2,2.5,,
62BY,,10/05/2017,07:20,"TH, JS",R6B,7,,XJBY,2.5,2,,
D3LY,,10/05/2017,07:25,"TH, JS",R6A,30,,,,,,
CAON,,10/05/2017,07:25,"TH, JS",R6A,30,,DPON,3.5,3,,
DPON,,10/05/2017,07:25,"TH, JS",R6A,30,,CAON,3,3.5,,
JLBY,,10/05/2017,07:25,"TH, JS",R6A,30,,,,,,
TABY,,10/05/2017,07:25,"TH, JS",R6A,30,,,,,,
HHWB,,10/05/2017,07:25,"TH, JS",R6A,30,,,,,,
IPRR,,10/05/2017,07:25,"TH, JS",R6A,30,,,3.5,,,
D2BY,,10/05/2017,07:25,"TH, JS",R6A,30,,,3.5,,,
T2BY,,10/05/2017,07:25,"TH, JS",R6A,30,,,2.5,,,
mKmY,,10/05/2017,08:40,"TH, JS",R29,60,,unringed,3,,,
BILY,,10/05/2017,08:40,"TH, JS",R29,60,,unringed,3,,,
DUBY,,10/05/2017,08:40,"TH, JS",R29,60,,,,,,
4IBY,,10/05/2017,08:40,"TH, JS",R29,60,,,,,,
K3BY,,10/05/2017,09:10,"TH, JS",R29,60,,67ON,2.5,3,,
67ON,,10/05/2017,09:10,"TH, JS",R29,60,,K3BY,3,2.5,,
DNBB,,10/05/2017,09:10,"TH, JS",R29,60,,DNBB,3.5,2.5,,
DTBB,,10/05/2017,09:10,"TH, JS",R29,60,,DTBB,2.5,3.5,,
CKBB,,10/05/2017,10:06,"TH, JS",R5,,,HHBB,3.5,4,,
HHBB,,10/05/2017,10:06,"TH, JS",R5,,,CKBB,4,3.5,,
7KBY,,10/05/2017,10:06,"TH, JS",R5,,,,,,,
77BY,,10/05/2017,10:06,"TH, JS",R5,,,,4,,,
V2BY,,10/05/2017,10:06,"TH, JS",R5,,,,2,,,
67BY,,10/05/2017,10:06,"TH, JS",R5,,,,2.5,,,
ZHWR,,10/05/2017,10:35,"TH, JS",R25,31,,ZAWR,3.5,3,,
ZAWR,,10/05/2017,10:35,"TH, JS",R25,31,,ZHWR,3,3.5,,
IUBY,,10/05/2017,10:35,"TH, JS",R25,31,,,3,,,
D2LY,,10/05/2017,10:35,"TH, JS",R25,31,,unringed,3,,,
IPRR,,10/05/2017,10:35,"TH, JS",R25,31,,,4,,,
2CWR,,10/05/2017,11:28,"TH, JS",R5,31,,unringed,4,,,1 juvenile
ADON,,10/05/2017,11:28,"TH, JS",R5,31,,unringed,5,,,
IHLY,,10/05/2017,15:29,"TH, JS",R25,,,unringed,,,,5 juveniles
AXRR,,10/05/2017,15:29,"TH, JS",R25,,,,,,,
H3WR,,10/05/2017,15:29,"TH, JS",R25,,,,,,,
9PBY,,10/05/2017,15:29,"TH, JS",R25,,,,4,,,
ATBY,,10/05/2017,15:29,"TH, JS",R25,,,,,,,
6LBY,,10/05/2017,16:11,"TH, JS",G2,40,,unringed,4,,,
ZFWB,,10/05/2017,16:11,"TH, JS",G2,40,,unringed,3,,,
7LRR,,10/05/2017,16:11,"TH, JS",G2,40,,unringed,2.5,,,
DFBB,,10/05/2017,16:35,"TH, JS",UK,13,,,2.5,,,
32WB,,10/05/2017,16:52,"TH, JS",R5,,,24WB,,4,,
24WB,,10/05/2017,16:52,"TH, JS",,,,32WB,4,,,
H2BY,,10/05/2017,16:52,"TH, JS",,,,,4,,,
IUBY,,10/05/2017,16:52,"TH, JS",,,,,4,,,
HHBB,,10/05/2017,16:52,"TH, JS",,,,,,,,
HZBY,,10/05/2017,16:52,"TH, JS",R5,31,,VXBY,3.5,3,,
VXBY,,10/05/2017,16:52,"TH, JS",R5,31,,HZBY,3,3.5,,
63BY,,10/05/2017,16:52,"TH, JS",R5,31,,,2.5,,,
FVBY,,10/05/2017,17:00,"TH, JS",R25,,,,3,,,
IHLY,,10/05/2017,17:00,"TH, JS",R25,,,,,,,
JUBY,,10/05/2017,17:00,"TH, JS",R25,,,,2.5,,,
26WB,,10/05/2017,17:00,"TH, JS",R25,,,,,,,
2CWR,,10/05/2017,17:00,"TH, JS",R25,,,,,,,
IPRR,,10/05/2017,17:00,"TH, JS",R25,,,,,,,
IZBY,,10/05/2017,18:07,"TH, JS",R5,20,,U2BY,3,4,,
U2BY,,10/05/2017,18:07,"TH, JS",R5,20,,IZBY,4,3,,
2JWR,,10/05/2017,18:07,"TH, JS",R5,20,,,6,,,
F3WR,,10/05/2017,18:07,"TH, JS",R5,20,,,2.5,,,
NXBY,,10/05/2017,18:36,"TH, JS",R28,33,,,3,,,
XXRR,,10/05/2017,19:05,"TH, JS",R1,10,,,4,,,
SDRY,,10/05/2017,,"TH, JS",G7,,,,,,,
VXBY,,10/05/2017,19:25,"TH, JS",R6A,45,,HZBY,2.5,2,,
IUBY,,10/05/2017,19:25,"TH, JS",R6A,45,,,3.5,,,
HZBY,,10/05/2017,19:25,"TH, JS",R6A,45,,VXBY,2,2.5,,
7ABY,,10/05/2017,19:38,"TH, JS",R24,30,,,2.5,,,
UHWB,,10/05/2017,19:38,"TH, JS",R24,30,,,2.5,,,
CKBY,,10/05/2017,19:38,"TH, JS",R24,30,,,2.5,,,
H6WR,,10/05/2017,19:38,"TH, JS",R24,30,,unringed,3,,,
D2LY,,10/05/2017,19:38,"TH, JS",R24,30,,,,,,
T2BY,,10/05/2017,19:38,"TH, JS",R24,30,,D2BY,,,,
D2BY,,10/05/2017,19:38,"TH, JS",R24,30,,T2BY,,,,
FTBY,,11/05/2017,07:05,"TH, JS",R5,28,,CCRY,3,5,,
CCRY,,11/05/2017,07:05,"TH, JS",R5,28,,FTBY,5,3,,
KXBY,,11/05/2017,07:05,"TH, JS",R5,28,,,,,,
#NAME?,,13/05/2017,08:13,"TH, JS",G3,20,,unringed,,,,
2NWR,,13/05/2017,08:13,"TH, JS",G3,20,,2PWR,5,3,,1 juvenile
2PWR,,13/05/2017,08:13,"TH, JS",G3,20,,2NWR,3,5,,1 juvenile
XVWR,,13/05/2017,08:13,"TH, JS",G3,20,,X-W-,,,,2 juveniles
X-W-,,13/05/2017,08:13,"TH, JS",G3,20,,XVWR,,,,2 juveniles
#NAME?,,13/05/2017,08:13,"TH, JS",G3,20,,,,,,
6HBY,,13/05/2017,08:45,"TH, JS",G2,26,,6NBY,3,4.5,,
6NBY,,13/05/2017,08:45,"TH, JS",G2,26,,6HBY,4.5,3,,
TSRB,,13/05/2017,08:45,"TH, JS",G2,26,,NDRB,3,4,,5 juveniles
NDRB,,13/05/2017,08:45,"TH, JS",G2,26,,TSRB,4,3,,5 juveniles
L3BY,,13/05/2017,09:06,"TH, JS",G3,51,,unringed,4,,,
H6BY,,13/05/2017,10:09,"TH, JS",R5,50,,,3.5,,,is a juvenile
47BY,,13/05/2017,10:09,"TH, JS",R5,50,,LABY,3,4,,
LABY,,13/05/2017,10:09,"TH, JS",R5,50,,47BY,4,3,,
ATBY,,13/05/2017,10:09,"TH, JS",R5,50,,unringed,4,,,
47RR,,13/05/2017,10:09,"TH, JS",R5,50,,unringed,4,,,
H3WR,,13/05/2017,10:09,"TH, JS",R5,50,,unringed,4,,,
ZXBY,,13/05/2017,10:54,"TH, JS",R5,,,Z9BY,,3.5,,
Z9BY,,13/05/2017,10:54,"TH, JS",R5,,,ZXBY,3.5,,,
CZBY,,13/05/2017,10:54,"TH, JS",R5,,,XXBY,4.5,4,,
XXBY,,13/05/2017,10:54,"TH, JS",R5,,,CZBY,4,4.5,,
2BDBO,,13/05/2017,10:54,"TH, JS",R5,,,AXBY,4.5,4,,
AXBY,,13/05/2017,10:54,"TH, JS",R5,,,2BDBO,4,4.5,,
7IBY,,13/05/2017,11:09,"TH, JS",R28,40,,unringed,2.5,,,
H3WR,,13/05/2017,11:16,"TH, JS",R25,100,,,4.5,,,
SBBY,,13/05/2017,11:16,"TH, JS",R25,100,,IBBY,3,4,,
IBBY,,13/05/2017,11:16,"TH, JS",R25,100,,SBBY,4,3,,
ZHWR,,13/05/2017,11:16,"TH, JS",R25,100,,ZAWR,5,3,,3 juveniles
ZAWR,,13/05/2017,11:16,"TH, JS",R25,100,,ZHWR,3,5,,3 juveniles
CAON,,13/05/2017,11:16,"TH, JS",R25,100,,DPON,3,4.5,,
DPON,,13/05/2017,11:16,"TH, JS",R25,100,,CAON,4.5,3,,
LABY,,13/05/2017,11:16,"TH, JS",R25,100,,47BY,,,,
47BY,,13/05/2017,11:16,"TH, JS",R25,100,,LABY,,,,
ATBY,,13/05/2017,11:16,"TH, JS",R25,100,,,,,,
ZFWB,,13/05/2017,11:46,"TH, JS",G2,,,unringed,4.5,,,
6ABY,,13/05/2017,11:46,"TH, JS",G2,9,,6JBY,2,3.5,,
6JBY,,13/05/2017,11:46,"TH, JS",G2,9,,6ABY,3.5,2,,
XXRR,,13/05/2017,11:46,"TH, JS",G2,9,,unringed,3.5,,,
7LRR,,13/05/2017,11:46,"TH, JS",G2,9,,unringed,2.5,,,
2PWR,,13/05/2017,11:46,"TH, JS",G2,3,,2NWR,3,5,,1 juvenile
2NWR,,13/05/2017,11:46,"TH, JS",G2,3,,2PWR,5,3,,1 juvenile
6PBY,,13/05/2017,11:46,"TH, JS",G2,85,,,,,,
47RR,,13/05/2017,16:55,"TH, JS",R6A,9,,unringed,3,,,1 juvenile
2JWR,,14/05/2017,08:00,"TH, JS",R6B,13,,unringed,,,,
47BY,,14/05/2017,08:10,"TH, JS",R6A,20,,LABY,3,4.5,,
LABY,,14/05/2017,08:10,"TH, JS",R6A,20,,47BY,4.5,3,,
V9BY,,14/05/2017,08:10,"TH, JS",R6A,20,,,2,,,is a juvenile
FUON,,14/05/2017,08:10,"TH, JS",R6A,20,,unringed,3.5,,,
S6YY,,14/05/2017,08:10,"TH, JS",R6A,20,,,5,,,
D3LY,,14/05/2017,08:31,"TH, JS",R5,34,,unringed,3.5,,,
F3WR,,14/05/2017,08:31,"TH, JS",R5,34,,unringed,4,,,
32WB,,14/05/2017,08:44,"TH, JS",R5,29,,24WB,5,4.5,,
24WB,,14/05/2017,08:44,"TH, JS",R5,29,,32WB,4.5,5,,
HHBB,,14/05/2017,08:44,"TH, JS",R5,29,,CKBB,5,4,,
CKBB,,14/05/2017,08:44,"TH, JS",R5,29,,HHBB,4,5,,
2FWR,,14/05/2017,08:44,"TH, JS",R5,29,,unringed,,,,
CCRY,,14/05/2017,08:44,"TH, JS",R5,29,,FTRY,5,3.5,,1 juvenile
FTBY,,14/05/2017,08:44,"TH, JS",R5,29,,CCRY,3.5,5,,1 juvenile
2JWR,,14/05/2017,08:44,"TH, JS",R5,40,,,5,,,
B2BY,,14/05/2017,08:44,"TH, JS",R5,40,,,,,,
B7BY,,14/05/2017,08:44,"TH, JS",R5,40,,,3.5,,,is a juvenile
#NAME?,,14/05/2017,08:44,"TH, JS",R5,40,,,,,,
77BY,,14/05/2017,08:44,"TH, JS",R5,28,,67BY,,,,
67BY,,14/05/2017,08:44,"TH, JS",R5,28,,77BY,,,,
X6WR,,14/05/2017,09:57,"TH, JS",R29,28,,,4.5,,,
7LRR,,14/05/2017,09:57,"TH, JS",R29,28,,unringed,,,,
67WB,,14/05/2017,09:57,"TH, JS",R29,28,,,,,,
6NBY,,14/05/2017,09:57,"TH, JS",R29,28,,6HBY,,,,
6HBY,,14/05/2017,09:57,"TH, JS",R29,28,,6NBY,,,,
BILY,,14/05/2017,09:57,"TH, JS",R29,28,,,,,,
DTBB,,14/05/2017,,"TH, JS",R3,11,,DNBB,3.5,5,,
DNBB,,14/05/2017,,"TH, JS",R3,11,,DTBB,5,3.5,,
T2BY,,14/05/2017,10:33,"TH, JS",G6,4,,D2BY,,,,
D2BY,,14/05/2017,10:33,"TH, JS",G6,4,,T2BY,,,,
X2WR,,14/05/2017,11:00,"TH, JS",R1,20,,XLWR,4.5,3.5,,
XLWR,,14/05/2017,11:00,"TH, JS",R1,20,,X2WR,3.5,4.5,,
4FBY,,14/05/2017,11:54,"TH, JS",R28,32,,,3,,,
2-W-,,14/05/2017,11:59,"TH, JS",R16,,,unringed,5,,,
CCRY,,14/05/2017,11:59,"TH, JS",R16,,,FTBY,5,,,1 juvenile
FTBY,,14/05/2017,11:59,"TH, JS",R16,,,CCRY,3.5,,,1 juvenile
I3YY,,14/05/2017,12:10,"TH, JS",R16,40,,unringed,4.5,,,"4 juveniles, one of them = B7BY"
B7BY,,14/05/2017,12:10,"TH, JS",R16,40,,,,,,is a juvenile
47RR,,14/05/2017,16:51,"TH, JS",R6A,,,,,,,
UHWB,,14/05/2017,16:51,"TH, JS",R6A,,,DKBY,,,,
DKBY,,14/05/2017,16:51,"TH, JS",R6A,,,UHWB,,,,
7ABY,,14/05/2017,16:51,"TH, JS",R6A,,,,,,,
2CWR,,14/05/2017,17:00,"TH, JS",R5,40,,,4.5,,,1 juvenile
9NBY,,14/05/2017,17:00,"TH, JS",R5,65,,ICBY,3.5,3.5,,
ICBY,,14/05/2017,17:00,"TH, JS",R5,65,,9NBY,3.5,3.5,,
2JWR,,14/05/2017,17:00,"TH, JS",R5,65,,unringed,5,,,
F3WR,,14/05/2017,17:00,"TH, JS",R5,65,,,4,,,
63BY,,14/05/2017,17:00,"TH, JS",R5,65,,unringed,,,,1 juvenile
6KBY,,14/05/2017,17:00,"TH, JS",R5,65,,unringed,4.5,,,
VXBY,,14/05/2017,17:00,"TH, JS",R5,65,,HZBY,,,,
HZBY,,14/05/2017,17:00,"TH, JS",R5,65,,VXBY,,,,
64ON,,14/05/2017,18:00,"TH, JS",R16,,,63ON,,,,collared
63ON,,14/05/2017,18:00,"TH, JS",R16,,,64ON,,,,collared
6HBY,,14/05/2017,18:50,"TH, JS",G2,,,6NBY,3.5,4,,
6NBY,,14/05/2017,18:50,"TH, JS",G2,,,6HBY,4,3.5,,
7LRR,,14/05/2017,18:50,"TH, JS",G2,,,,3.5,,,
#NAME?,,14/05/2017,18:50,"TH, JS",G2,,,unringed,,,,
PURR,,14/05/2017,18:57,"TH, JS",R1,20,,BNRR,,,,
BNRR,,14/05/2017,18:57,"TH, JS",R1,20,,PURR,,,,
62BY,,14/05/2017,18:57,"TH, JS",R1,20,,XJBY,2,2.5,,
XJBY,,14/05/2017,18:57,"TH, JS",R1,20,,62BY,2.5,2,,
67ON,,14/05/2017,18:57,"TH, JS",R1,20,,K3BY,4.5,,,
XVWR,,14/05/2017,18:57,"TH, JS",R1,20,,,,,,
K3BY,,14/05/2017,18:57,"TH, JS",R1,20,,67ON,,,,
2PWR,,14/05/2017,18:57,"TH, JS",R1,20,,2NWR,,,,
2NWR,,14/05/2017,18:57,"TH, JS",R1,20,,2PWR,,,,
D2LY,,14/05/2017,19:35,"TH, JS",R6A,,,,,,,
43WB,,14/05/2017,19:35,"TH, JS",R6A,,,,,,,
37BY,,14/05/2017,19:40,"TH, JS",R6B,,,ZABY,4,,,
ZABY,,14/05/2017,19:40,"TH, JS",R6B,,,37BY,4,,,
47BY,,14/05/2017,19:40,"TH, JS",R6B,,,LABY,,,,
LABY,,14/05/2017,19:40,"TH, JS",R6B,,,47BY,,,,
6IBY,,14/05/2017,19:40,"TH, JS",R6B,,,unringed,,,,
NXBY,,14/05/2017,19:40,"TH, JS",R6B,,,unringed,,,,2 juveniles
HZBY,,14/05/2017,19:40,"TH, JS",R6B,,,VXBY,5,,,1 juvenile
VXBY,,14/05/2017,19:40,"TH, JS",R6B,,,HZBY,,5,,1 juvenile
F3WR,,14/05/2017,19:40,"TH, JS",R6B,,,unringed,,,,
H3WR,,14/05/2017,19:40,"TH, JS",R6B,,,unringed,,,,
NXBY,,14/05/2017,19:40,"TH, JS",R6B,,,,,,,
T2BY,,14/05/2017,19:54,"TH, JS",R6A,14,,D2BY,,,,1 juvenile
D2BY,,14/05/2017,19:54,"TH, JS",R6A,14,,T2BY,,,,1 juvenile
2JWR,,14/05/2017,19:54,"TH, JS",R6A,14,,,,,,
2DBY,,14/05/2017,19:54,"TH, JS",R6A,14,,2ZBY,,,,
2ZBY,,14/05/2017,19:54,"TH, JS",R6A,14,,2DBY,,,,
DPON,,14/05/2017,19:54,"TH, JS",R6A,14,,CAON,2.5,3,,
CAON,,14/05/2017,19:54,"TH, JS",R6A,14,,DPON,3,2.5,,
2CWR,,14/05/2017,19:54,"TH, JS",R6A,14,,,,,,1 juvenile
ICBY,,14/05/2017,19:54,"TH, JS",R6A,14,,,,,,
43WB,,14/05/2017,19:54,"TH, JS",R6A,14,,,,,,
D2LY,,14/05/2017,19:54,"TH, JS",R6A,14,,,,,,
9NBY,,14/05/2017,20:26,"TH, JS",R5,40,,,4,,,
AXRR,,15/05/2017,,"TH, JS",R6B,,,,4,,,
KXBY,,15/05/2017,,"TH, JS",R6B,,,,,,,
24WB,,15/05/2017,,"TH, JS",R6B,,,32WB,4.5,5.5,,
V9BY,,15/05/2017,,"TH, JS",R6B,,,,2.5,,,is a juvenile with unringed parents
37BY,,15/05/2017,,"TH, JS",R6B,,,ZABY,,3.5,,
ZABY,,15/05/2017,,"TH, JS",R6B,,,37BY,3.5,,,
32WB,,15/05/2017,,"TH, JS",R6B,,,24WB,5.5,4.5,,
FUON,,15/05/2017,,"TH, JS",R6B,,,unringed,,,,
FLON,,15/05/2017,,"TH, JS",R6A,,,,,,,collared (115)
CFBY,,15/05/2017,08:12,"TH, JS",R27,,,unringed,,,,
JUBY,,15/05/2017,08:32,"TH, JS",R29,140,,FVBY,4.5,4,,
FVBY,,15/05/2017,08:32,"TH, JS",R29,140,,JUBY,4,4.5,,
63BY,,15/05/2017,08:32,"TH, JS",R29,140,,,,,,
#NAME?,,15/05/2017,08:32,"TH, JS",R29,140,,,,,,
XXBY,,15/05/2017,08:32,"TH, JS",R29,140,,CZBY,4,,,
CZBY,,15/05/2017,08:32,"TH, JS",R29,140,,XXBY,,4,,
43WB,,15/05/2017,09:18,"TH, JS",R25,110,,26WB,4.5,4.5,,
26WB,,15/05/2017,09:18,"TH, JS",R25,110,,43WB,4.5,4.5,,
7TRB,,15/05/2017,09:18,"TH, JS",R25,110,,,4.5,,,
43BY,,15/05/2017,09:18,"TH, JS",R25,110,,,,,,is a juvenile
IBBY,,15/05/2017,09:18,"TH, JS",R25,110,,SBBY,,,,
VHWB,,15/05/2017,09:18,"TH, JS",R25,110,,,3.5,,,
SBBY,,15/05/2017,09:18,"TH, JS",R25,110,,IBBY,,,,
2JWR,,15/05/2017,09:18,"TH, JS",R25,110,,unringed,,,,
7IBY,,15/05/2017,09:18,"TH, JS",R25,110,,,,,,
H6WR,,15/05/2017,09:41,"TH, JS",R29,120,,unringed,4.5,,,1 juvenile
6PBY,,15/05/2017,09:41,"TH, JS",R29,120,,6DBY,4.5,4.5,,
6DBY,,15/05/2017,09:41,"TH, JS",R29,120,,6PBY,4.5,4.5,,
7LRR,,15/05/2017,09:41,"TH, JS",R29,120,,,,,,
X6RR,,15/05/2017,09:41,"TH, JS",R29,120,,unringed,,,,
TZLY,,15/05/2017,09:41,"TH, JS",R29,120,,unringed,,,,
TVRY,,15/05/2017,10:07,"TH, JS",G7,27,,mXmY,5,4.5,,4 juveniles
mXmY,,15/05/2017,10:07,"TH, JS",G7,27,,TVRY,4.5,5,,4 juveniles
mPmY,,15/05/2017,10:07,"TH, JS",G7,27,,unringed,4.5,,,
BNRR,,15/05/2017,10:07,"TH, JS",G7,27,,PURR,,4,,
PURR,,15/05/2017,10:07,"TH, JS",G7,27,,BNRR,4,,,
PXRY,,15/05/2017,10:07,"TH, JS",G7,27,,unringed,4.5,,,
XLWR,,15/05/2017,10:07,"TH, JS",G7,27,,XZWR,,,,
XZWR,,15/05/2017,10:07,"TH, JS",G7,27,,XLWR,,,,
IZWW,,15/05/2017,14:23,"TH, JS",G7,14,,,,,,
UBRY,,15/05/2017,14:37,"TH, JS",G2,7,,unringed,3,,,
H6BY,,15/05/2017,15:08,"TH, JS",R16,16,,,,,,is a juvenile 
66BY,,15/05/2017,15:08,"TH, JS",R16,7,,unringed,,,,
43BY,,15/05/2017,15:35,"TH, JS",R6A,20,,,4,,,juvenile of 7ABY & UHWB
SBBY,,15/05/2017,15:35,"TH, JS",R6A,20,,IBBY,,,,
IBBY,,15/05/2017,15:35,"TH, JS",R6A,20,,SBBY,,,,
DKBY,,15/05/2017,15:35,"TH, JS",R6A,20,,,3.5,,,juvenile of 7ABY & UHWB
7ABY,,15/05/2017,15:35,"TH, JS",R6A,20,,UHWB,4.5,,,4 juveniles
UHWB,,15/05/2017,15:35,"TH, JS",R6A,20,,7ABY,,4.5,,4 juveniles
J9BY,,15/05/2017,15:35,"TH, JS",R6A,20,,P9BY,,5,,2 juveniles
P9BY,,15/05/2017,15:35,"TH, JS",R6A,20,,J9BY,5,,,2 juveniles
S9BY,,15/05/2017,15:35,"TH, JS",R6A,20,,,,,,juvenile of J9BY & P9BY
CCRY,,15/05/2017,16:08,"TH, JS",R16,2,,unringed,5.5,,,
36BY,,15/05/2017,20:30,"TH, JS",R17,,,unringed,4.5,,,
4IBY,,15/05/2017,20:30,"TH, JS",R17,,,,4,,,
6IBY,,15/05/2017,20:30,"TH, JS",R17,,,,,,,
V9BY,,16/05/2017,08:02,"TH, JS",R5,26,,,2.5,,,is a juvenile with unringed parents
2CWR,,16/05/2017,08:02,"TH, JS",R5,40,,,4.5,,,
HHBB,,16/05/2017,08:02,"TH, JS",R5,40,,CKBB,5,4.5,,
CKBB,,16/05/2017,08:02,"TH, JS",R5,40,,HBBB,4.5,5,,
36BY,,16/05/2017,08:31,"TH, JS",R17,,,,4.5,,,
XCBY,,16/05/2017,08:31,"TH, JS",R17,,,,4,,,
CFBY,,16/05/2017,08:31,"TH, JS",R17,,,,5,,,
2NWR,,16/05/2017,,"TH, JS",G5,,,,,,,1 juvenile
2PWR,,16/05/2017,,"TH, JS",G5,,,,,,,1 juvenile
6BBY,,16/05/2017,09:34,"TH, JS",G3,10,,6FBY,5,,,
6FBY,,16/05/2017,09:34,"TH, JS",G3,10,,6BBY,,5,,
62WB,,16/05/2017,09:41,"TH, JS",G2,,,,5,,,
ZFWB,,16/05/2017,,"TH, JS",G2,,,,,,,
6ABY,,16/05/2017,,"TH, JS",G2,,,6JBY,3,,,
6JBY,,16/05/2017,,"TH, JS",G2,,,6ABY,,3,,
XSWR,,16/05/2017,09:59,"TH, JS",R1,20,,,5,,,2 juveniles
H3WR,,16/05/2017,11:09,"TH, JS",R6A,11,,,,,,
ICBY,,16/05/2017,11:09,"TH, JS",R6A,11,,unringed,5,,,
47BY,,16/05/2017,11:09,"TH, JS",R6A,11,,LABY,4,5,,
LABY,,16/05/2017,11:09,"TH, JS",R6A,11,,47BY,5,4,,
J-L-,,16/05/2017,,"TH, JS",R5,,,,,,,
9NBY,,16/05/2017,,"TH, JS",R5,,,,,,,
2JWR,,16/05/2017,,"TH, JS",R5,,,,,,,
VZWR,,16/05/2017,,"TH, JS",R5,,,unringed,4.5,,,
XXRR,,16/05/2017,14:33,"TH, JS",G2,8,,,4,,,
UBRY,,16/05/2017,14:33,"TH, JS",G2,8,,,,,,
CCRY,,16/05/2017,14:54,"TH, JS",R15,10,,FTBY,,,,
FTBY,,16/05/2017,14:54,"TH, JS",R15,10,,CCRY,,,,
H6BY,,16/05/2017,14:54,"TH, JS",R15,10,,,,,,
I3YY,,16/05/2017,14:54,"TH, JS",R15,10,,,,,,
IPRR,,16/05/2017,14:54,"TH, JS",R15,10,,unringed,5.5,,,
66BY,,16/05/2017,14:54,"TH, JS",R15,10,,unringed,5.5,,,
THLY,,16/05/2017,16:00,"TH, JS",R5,30,,unringed,5.5,,,5 juveniles 
P9BY,,16/05/2017,16:00,"TH, JS",R5,30,,J9BY,5,5,,1 juvenile = S9BY
J9BY,,16/05/2017,16:00,"TH, JS",R5,30,,P9BY,5,5,,1 juvenile = S9BY
S9BY,,16/05/2017,16:00,"TH, JS",R5,30,,,4,,,is a juvenile 
F3WR,,16/05/2017,16:00,"TH, JS",R5,28,,,,,,
ATBY,,16/05/2017,16:00,"TH, JS",R5,28,,,,,,
A9BY,,16/05/2017,16:00,"TH, JS",R5,28,,,,,,
HZBY,,16/05/2017,16:00,"TH, JS",R5,28,,VXBY,4.5,3.5,,
VXBY,,16/05/2017,16:00,"TH, JS",R5,28,,HZBY,3.5,4.5,,
CKBB,,16/05/2017,17:24,"TH, JS",R6B,,,HHBB,,,,
HHBB,,16/05/2017,17:24,"TH, JS",R6B,,,CKBB,,,,
2ZBY,,16/05/2017,17:24,"TH, JS",R6A,40,,2DBY,5.5,4.5,,
2DBY,,16/05/2017,17:24,"TH, JS",R6A,40,,2ZBY,4.5,5.5,,
2JWR,,16/05/2017,17:24,"TH, JS",R6A,40,,,,,,
63BY,,16/05/2017,17:24,"TH, JS",R6A,40,,,,,,
6DBY,,17/05/2017,07:45,"TH, JS",R1,,,6PBY,,,,
6PBY,,17/05/2017,07:45,"TH, JS",R1,,,6DBY,,,,
ZFBY,,17/05/2017,07:45,"TH, JS",R1,,,,4,,,
6LBY,,17/05/2017,07:45,"TH, JS",R1,,,,,,,
VFRY,,17/05/2017,07:45,"TH, JS",R1,,,,,,,
FKON,,17/05/2017,07:45,"TH, JS",R1,,,I9BY,4.5,4,,
I9BY,,17/05/2017,07:45,"TH, JS",R1,,,FKON,4,4.5,,
ZFWB,,17/05/2017,,"TH, JS",G3,,,,,,,
6ABY,,17/05/2017,,"TH, JS",G3,,,6JBY,,,,
6JBY,,17/05/2017,,"TH, JS",G3,,,6ABY,,,,
XXRR,,17/05/2017,,"TH, JS",G3,,,,,,,
7LRR,,17/05/2017,,"TH, JS",G3,,,,,,,
IHLY,,17/05/2017,08:16,"TH, JS",G7,2,,unringed,3,,,
mPmY,,17/05/2017,08:16,"TH, JS",G7,40,,,,,,
3FRB,,17/05/2017,08:16,"TH, JS",G7,40,,,,,,
ZPBY,,17/05/2017,08:16,"TH, JS",G7,40,,FNON,4.5,4.5,,
FNON,,17/05/2017,08:16,"TH, JS",G7,40,,ZPBY,4.5,4.5,,collared
#NAME?,,17/05/2017,08:16,"TH, JS",G7,40,,,,,,
77WB,,17/05/2017,08:16,"TH, JS",G7,40,,,,,,
43WB,,17/05/2017,08:35,"TH, JS",R6B,,,26WB,,,,
26WB,,17/05/2017,08:35,"TH, JS",R6B,,,43WB,,,,
#NAME?,,17/05/2017,08:35,"TH, JS",R6B,,,,3,,,
44WB,,17/05/2017,08:35,"TH, JS",R6B,,,32BY,,4.5,,
32BY,,17/05/2017,08:35,"TH, JS",R6B,,,44WB,4.5,,,
I3YY,,17/05/2017,08:35,"TH, JS",R6B,,,,,,,
ICBY,,17/05/2017,08:35,"TH, JS",R6B,,,,,,,
VZBY,,17/05/2017,08:35,"TH, JS",R6B,,,,,,,is a juvenile
9NBY,,17/05/2017,09:15,"TH, JS",R28,,,,,,,
IPRR,,17/05/2017,09:15,"TH, JS",R28,,,,5,,,
ATBY,,17/05/2017,09:15,"TH, JS",R28,,,unringed,,,,
2JBY,,17/05/2017,09:38,"TH, JS",R5,28,,unringed,,,,
4JBY,,17/05/2017,09:38,"TH, JS",R5,28,,4HBY,,,,2 juveniles
4HBY,,17/05/2017,09:38,"TH, JS",R5,28,,4JBY,,,,2 juveniles
VXBY,,17/05/2017,09:38,"TH, JS",R5,28,,HZBY,,,,
HZBY,,17/05/2017,09:38,"TH, JS",R5,28,,VXBY,,,,
B7BY,,17/05/2017,09:38,"TH, JS",R5,28,,,,,,is a juvenile
2CWR,,17/05/2017,09:38,"TH, JS",R5,28,,,,,,
H6BY,,17/05/2017,09:38,"TH, JS",R5,28,,,,,,is a juvenile
HHBB,,17/05/2017,09:38,"TH, JS",R5,28,,CKBB,,,,
CKBB,,17/05/2017,09:38,"TH, JS",R5,28,,HHBB,,,,
96WB,,17/05/2017,10:22,"TH, JS",R28,60,,2KWB,4.5,,,
2KWR,,17/05/2017,10:22,"TH, JS",R28,60,,96WB,,4.5,,
V9BY,,17/05/2017,10:22,"TH, JS",R28,60,,,,,,is a juvenile with unringed parent
9CBY,,17/05/2017,10:44,"TH, JS",,35,,7CBY,5.5,6,,
7CBY,,17/05/2017,10:44,"TH, JS",,35,,9CBY,6,5.5,,
X6WR,,17/05/2017,10:44,"TH, JS",,35,,unringed,6,,,2 juveniles
H6WR,,17/05/2017,10:44,"TH, JS",,35,,unringed,5,,,1 juvenile
ZTRY,,17/05/2017,11:03,"TH, JS",R1,220,,unringed,5.5,,,
66RY,,17/05/2017,11:03,"TH, JS",R1,220,,unringed,5,,,
9PBY,,17/05/2017,11:03,"TH, JS",R1,220,,unringed,5.5,,,
XVWR,,17/05/2017,11:03,"TH, JS",R1,220,,unringed,,,,2 juveniles
XXRR,,17/05/2017,11:59,"TH, JS",G2,10,,,,,,
2BWR,,17/05/2017,11:59,"TH, JS",G2,10,,unringed,3.5,,,
CCRY,,17/05/2017,14:43,"TH, JS",R17,14,,FTBY,,4.5,,
FTBY,,17/05/2017,14:43,"TH, JS",R17,14,,CCRY,4.5,,,
36BY,,17/05/2017,14:43,"TH, JS",R17,14,,unringed,4.5,,,1 juvenile
A7YY,,17/05/2017,14:43,"TH, JS",R17,14,,unringed,,,,
7ABY,,17/05/2017,14:50,"TH, JS",R5,56,,UHWB,,,,4 juveniles
D2LY,,17/05/2017,14:50,"TH, JS",R5,56,,unringed,5,,,2 juveniles
DKBY,,17/05/2017,14:50,"TH, JS",R5,56,,,,,,juvenile of 7ABY & UHWB
UHWB,,17/05/2017,14:50,"TH, JS",R5,56,,7ABY,,,,4 juveniles
43BY,,17/05/2017,14:50,"TH, JS",R5,56,,,,,,juvenile of 7ABY & UHWB
4UBY,,17/05/2017,14:50,"TH, JS",R5,56,,,4.5,,,
ICBY,,17/05/2017,14:50,"TH, JS",R5,56,,,,,,
2CWR,,17/05/2017,14:50,"TH, JS",R5,56,,,5,,,
ABBY,,17/05/2017,15:34,"TH, JS",R5,120,,,4,,,
mKmY,,17/05/2017,15:34,"TH, JS",R5,120,,unringed,4.5,,,
VXBY,,17/05/2017,15:34,"TH, JS",R5,120,,HZBY,4,5.5,,
HZBY,,17/05/2017,15:34,"TH, JS",R5,120,,VXBY,5.5,4,,
HHBB,,17/05/2017,15:34,"TH, JS",R5,120,,CKBB,,,,
CKBB,,17/05/2017,15:34,"TH, JS",R5,120,,HHBB,,,,
34WB,,17/05/2017,15:34,"TH, JS",R5,120,,,,,,
U9BY,,17/05/2017,16:13,"TH, JS",G2,15,,BSBY,,,,
BSBY,,17/05/2017,16:13,"TH, JS",G2,15,,U9BY,,,,
IZBY,,17/05/2017,16:13,"TH, JS",G2,15,,U2BY,3,4,,1 juvenile
U2BY,,17/05/2017,16:13,"TH, JS",G2,15,,IZBY,4,3,,1 juvenile
I9BY,,18/05/2017,10:13,"TH, JS",,20,,,,,,
FKON,,18/05/2017,10:13,"TH, JS",,20,,,,,,
DUBY,,18/05/2017,10:13,"TH, JS",,20,,,,,,
IUBY,,18/05/2017,10:13,"TH, JS",,20,,unringed,5.5,,,
CZBY,,18/05/2017,11:07,"TH, JS",R15,10,,XXBY,4.5,4,,
XXBY,,18/05/2017,11:07,"TH, JS",R15,10,,CZBY,4,4.5,,
AXBY,,18/05/2017,11:07,"TH, JS",R15,10,,2BDBO,5.5,6,,2 juveniles
2BDBO,,18/05/2017,11:07,"TH, JS",R15,10,,AXBY,6,5.5,,2 juveniles
ZHWR,,18/05/2017,12:13,"TH, JS",R28,19,,ZAWR,5.5,5,,4 juveniles
ZAWR,,18/05/2017,12:13,"TH, JS",R28,19,,ZHWR,5,5.5,,4 juveniles
2PWR,,18/05/2017,14:33,"TH, JS",G3,3,,2NWR,4.5,5,,1 juvenile
2NWR,,18/05/2017,14:33,"TH, JS",G3,3,,2PWR,5,4.5,,1 juvenile
4JBY,,18/05/2017,16:36,"TH, JS",R5,10,,AHBY,,,,2 juveniles
AHBY,,18/05/2017,16:36,"TH, JS",R5,10,,4JBY,,,,2 juveniles
BILY,,18/05/2017,16:51,"TH, JS",R1,23,,,4.5,,,
mPmY,,19/05/2017,08:17,"TH, JS",,4,,unringed,5.5,,,
XLWR,,19/05/2017,08:17,"TH, JS",,2,,X2WR,5,,,
X2WR,,19/05/2017,08:17,"TH, JS",,2,,XLWR,,5,,
77WB,,19/05/2017,08:53,"TH, JS",G4,10,,,,,,
U2BY,,19/05/2017,09:15,"TH, JS",G2,16,,IZBY,5,3.5,,1 juvenile
IZBY,,19/05/2017,09:15,"TH, JS",G2,16,,U2BY,3.5,5,,1 juvenile
47BY,,19/05/2017,10:18,"TH, JS",R6A,6,,LABY,4.5,6,,
LABY,,19/05/2017,10:18,"TH, JS",R6A,6,,47BY,6,4.5,,
Z9BY,,19/05/2017,16:00,"TH, JS",R6A,,,ZXBY,,6,,
ZXBY,,19/05/2017,16:00,"TH, JS",R6A,,,Z9BY,6,,,
I9BY,,19/05/2017,16:00,"TH, JS",R6A,,,FKON,5,5.5,,
FKON,,19/05/2017,16:00,"TH, JS",R6A,,,I9BY,5.5,5,,
2ZBY,,19/05/2017,16:00,"TH, JS",R6A,,,2DBY,6,6,,
2DBY,,19/05/2017,16:00,"TH, JS",R6A,,,2ZBY,6,6,,
ICBY,,19/05/2017,16:00,"TH, JS",R6A,,,unringed,,,,
JUBY,,19/05/2017,16:00,"TH, JS",R6A,,,FVBY,5.5,5,,
FVBY,,19/05/2017,16:00,"TH, JS",R6A,,,JUBY,5,5.5,,
26WB,,19/05/2017,16:00,"TH, JS",R6A,,,43WB,,,,
43WB,,19/05/2017,16:00,"TH, JS",R6A,,,26WB,,,,
ATBY,,19/05/2017,16:37,"TH, JS",R5,200,,unringed,5,,,
VXBY,,19/05/2017,16:37,"TH, JS",R5,200,,HZBY,5.5,,,
HZBY,,19/05/2017,16:37,"TH, JS",R5,200,,VXBY,,5.5,,
A9BY,,19/05/2017,16:37,"TH, JS",R5,200,,,,,,is a juvenile
D2LY,,19/05/2017,16:37,"TH, JS",R5,200,,,5,,,single
6DBY,,19/05/2017,17:25,"TH, JS",G6,,,6PBY,5,5.5,,
6PBY,,19/05/2017,17:25,"TH, JS",G6,,,6DBY,5.5,5,,
2BWR,,19/05/2017,17:25,"TH, JS",G6,,,unringed,5,,,
6ABY,,19/05/2017,17:45,"TH, JS",G2,8,,6JBY,4.5,,,
6JBY,,19/05/2017,17:45,"TH, JS",G2,8,,6ABY,,4.5,,
6HBY,,19/05/2017,17:45,"TH, JS",G2,8,,,,,,
L7BY,,19/05/2017,17:45,"TH, JS",G2,8,,,5,,,is a juvenile + unringed parents
mNmY,,19/05/2017,18:00,"TH, JS",R1,200,,,,,,
ZPBY,,19/05/2017,18:00,"TH, JS",R1,200,,FNON,,,,
FNON,,19/05/2017,18:00,"TH, JS",R1,200,,ZPBY,,,,collared
43WB,,19/05/2017,18:00,"TH, JS",R1,200,,26WB,6,4.5,,
26WB,,19/05/2017,18:00,"TH, JS",R1,200,,43WB,4.5,6,,
XLWR,,19/05/2017,18:00,"TH, JS",R1,200,,X2WR,5,6,,
X2WR,,19/05/2017,18:00,"TH, JS",R1,200,,XLWR,6,5,,
H6BY,,19/05/2017,18:00,"TH, JS",R1,200,,,4.5,,,is a juvenile
XSWR,,19/05/2017,18:00,"TH, JS",R1,200,,,,,,
UULY,,19/05/2017,18:00,"TH, JS",R1,200,,,5,,,
I7BY,,19/05/2017,18:00,"TH, JS",R1,200,,,4.5,,,is a juvenile
XVWR,,19/05/2017,18:00,"TH, JS",R1,200,,X-W-,4,,,2 juveniles
X-W-,,19/05/2017,18:00,"TH, JS",R1,200,,XVWR,,4,,2 juveniles
67ON,,19/05/2017,18:00,"TH, JS",R1,200,,K3BY,5,4.5,,collared
K3BY,,19/05/2017,18:00,"TH, JS",R1,200,,67ON,4.5,5,,
Z3RY,,19/05/2017,18:00,"TH, JS",R1,200,,,,,,
BBBB,,19/05/2017,18:00,"TH, JS",R1,200,,,,,,
UDRB,,19/05/2017,18:00,"TH, JS",R1,200,,unringed,,,,
7IBY,,19/05/2017,18:00,"TH, JS",R1,200,,unringed,,,,
ZFBY,,19/05/2017,18:00,"TH, JS",R1,200,,,,,,
CCRR,,19/05/2017,18:00,"TH, JS",R1,200,,,,,,
X6WR,,19/05/2017,18:00,"TH, JS",R1,200,,,,,,
LIRY,,19/05/2017,18:00,"TH, JS",R1,200,,unringed,5,,,
L9BY,,19/05/2017,18:00,"TH, JS",R1,200,,,,,,
I3YY,,19/05/2017,,"TH, JS",R15,20,,,6,,,
2JWR,,20/05/2017,07:50,"TH, JS",R6B,22,,unringed,6.5,,,
37BY,,20/05/2017,07:50,"TH, JS",R6B,20,,ZABY,,,,
ZABY,,20/05/2017,07:50,"TH, JS",R6B,20,,37BY,,,,
V7BY,,20/05/2017,07:50,"TH, JS",R6B,20,,,4,,,is a juvenile
F3WR,,20/05/2017,07:50,"TH, JS",R6B,20,,unringed,5,,,
D3LY,,20/05/2017,07:50,"TH, JS",R6B,20,,unringed,4.5,,,
32WB,,20/05/2017,07:50,"TH, JS",R6B,20,,,,,,
4UBY,,20/05/2017,07:50,"TH, JS",R6B,20,,unringed,,,,
D2LY,,20/05/2017,08:43,"TH, JS",R6A,21,,unringed,5,,,
B7BY,,20/05/2017,08:43,"TH, JS",R6A,21,,,4.5,,,is a juvenile with 1 parent
XXBY,,20/05/2017,08:43,"TH, JS",R6A,21,,CZBY,,,,
CZBY,,20/05/2017,08:43,"TH, JS",R6A,21,,XXBY,,,,
26WB,,20/05/2017,08:43,"TH, JS",R6A,21,,43WB,4.5,,,
43WB,,20/05/2017,08:43,"TH, JS",R6A,21,,26WB,,4.5,,
2BDBO,,20/05/2017,09:49,"TH, JS",R28,,,AXBY,,,,1 juvenile?
AXBY,,20/05/2017,09:49,"TH, JS",R28,,,2BDBO,,,,1 juvenile?
ZPBY,,20/05/2017,10:05,"TH, JS",G4,9,,FNON,5,6,,
FNON,,20/05/2017,10:05,"TH, JS",G4,9,,ZPBY,6,5,,collared
2PWR,,20/05/2017,10:05,"TH, JS",G3,,,2NWR,,,,1 juvenile
2NWR,,20/05/2017,10:05,"TH, JS",G3,,,2PWR,,,,1 juvenile
UULY,,20/05/2017,10:05,"TH, JS",G3,,,,,,,
94WB,,20/05/2017,10:05,"TH, JS",G3,,,,,,,
ZFWB,,20/05/2017,10:15,"TH, JS",G2,10,,unringed,5.5,,,1 juvenile
NDRB,,20/05/2017,10:15,"TH, JS",G2,10,,TSRB,6,4.5,,5 juveniles
TSRB,,20/05/2017,10:15,"TH, JS",G2,10,,NDRB,4.5,6,,5 juveniles
XXRR,,20/05/2017,11:08,"TH, JS",G2,48,,unringed,4.5,,,
6HBY,,20/05/2017,11:08,"TH, JS",G2,48,,6NBY,,,,
6NBY,,20/05/2017,11:08,"TH, JS",G2,48,,6HBY,,,,
6ABY,,20/05/2017,11:08,"TH, JS",G2,48,,6JBY,4.5,5.5,,
6JBY,,20/05/2017,11:08,"TH, JS",G2,48,,6ABY,5.5,4.5,,
ZTRY,,20/05/2017,11:08,"TH, JS",G2,48,,unringed,,,,
FKON,,20/05/2017,15:34,"TH, JS",R6A,70,,I9BY,5.5,5.5,,
I9BY,,20/05/2017,15:34,"TH, JS",R6A,70,,FKON,5.5,5.5,,
FVBY,,20/05/2017,15:34,"TH, JS",R6A,70,,JUBY,5,5.5,,
JUBY,,20/05/2017,15:34,"TH, JS",R6A,70,,FVBY,5.5,5,,
H3WR,,20/05/2017,15:34,"TH, JS",R6A,70,,,5.5,,,
IBBY,,20/05/2017,15:34,"TH, JS",R6A,70,,SBBY,,,,
SBBY,,20/05/2017,15:34,"TH, JS",R6A,70,,IBBY,,,,
FPRR,,20/05/2017,15:34,"TH, JS",R6A,70,,,6.5,,,
26WB,,20/05/2017,15:34,"TH, JS",R6A,70,,43WB,,,,
43WB,,20/05/2017,15:34,"TH, JS",R6A,70,,26WB,,,,
ATBY,,20/05/2017,15:34,"TH, JS",R6A,70,,,6,,,
IUBY,,20/05/2017,15:34,"TH, JS",R6A,70,,,,,,
2NWR,,20/05/2017,18:56,"TH, JS",R1,200,,2PWR,6.5,5.5,,1 juvenile
2PWR,,20/05/2017,18:56,"TH, JS",R1,200,,2NWR,5.5,6.5,,1 juvenile
UBRY,,20/05/2017,19:26,"TH, JS",G2,15,,,5,,,
HZBY,,20/05/2017,19:56,"TH, JS",R5,30,,VXBY,6,5,,1 juvenile
VXBY,,20/05/2017,19:56,"TH, JS",R5,30,,HZBY,5,6,,1 juvenile
2PRY,,20/05/2017,20:19,"TH, JS",R15,14,,,,,,
XXBY,,20/05/2017,20:19,"TH, JS",R15,14,,,,,,
67BY,,20/05/2017,20:19,"TH, JS",R15,14,,77BY,6,7,,
77BY,,20/05/2017,20:19,"TH, JS",R15,14,,67BY,7,6,,
ZAWR,,21/05/2017,07:00,"TH, JS",R28,70,,ZHWR,5,,,
ZHWR,,21/05/2017,07:00,"TH, JS",R28,70,,ZAWR,,5,,
ATBY,,21/05/2017,07:00,"TH, JS",R28,70,,,,,,
mKmY,,21/05/2017,07:00,"TH, JS",R28,70,,,5,,,
UCBY,,21/05/2017,07:00,"TH, JS",R28,70,,IDBY,6.5,,,
IDBY,,21/05/2017,07:00,"TH, JS",R28,70,,UCBY,6.5,,,
2PRY,,21/05/2017,07:00,"TH, JS",R28,70,,unringed,6,,,
9VBY,,21/05/2017,07:00,"TH, JS",R28,70,,,,,,
KALY,,21/05/2017,08:06,"TH, JS",G6,,,,,,,
9PBY,,21/05/2017,08:06,"TH, JS",G6,,,,,,,
67ON,,21/05/2017,08:06,"TH, JS",G6,,,K3BY,,,,
K3BY,,21/05/2017,08:06,"TH, JS",G6,,,67ON,,,,
72WB,,21/05/2017,08:06,"TH, JS",G6,,,,5,,,
XPWR,,21/05/2017,08:06,"TH, JS",G6,,,,,,,
XSWR,,21/05/2017,08:06,"TH, JS",G6,,,,,,,
3IRR,,21/05/2017,08:06,"TH, JS",G6,,,,,,,
2NWR,,21/05/2017,08:06,"TH, JS",G6,,,2PWR,,,,1 juvenile
2PWR,,21/05/2017,08:06,"TH, JS",G6,,,2NWR,,,,1 juvenile
BBBB,,21/05/2017,08:06,"TH, JS",G6,,,,6,,,
6ABY,,21/05/2017,08:15,"TH, JS",G2,12,,6JBY,4.5,5.5,,
6JBY,,21/05/2017,08:15,"TH, JS",G2,12,,6ABY,5.5,4.5,,
UBRY,,21/05/2017,08:15,"TH, JS",G2,24,,unringed,5,,,
S6YY,,22/05/2017,,"TH, JS",R6A,,,unringed,,,,1 juvenile
CTBY,,22/05/2017,,"TH, JS",R6A,,,JTBY,5,5.5,,
JTBY,,22/05/2017,,"TH, JS",R6A,,,CTBY,5.5,5,,
I7BY,,22/05/2017,,"TH, JS",R6A,,,,4.5,,,only juvenile of unringed parents
S9BY,,22/05/2017,,"TH, JS",R6A,,,,,,,
D2LY,,22/05/2017,,"TH, JS",R6A,,,unringed,5.5,,,
DPON,,22/05/2017,08:05,"TH, JS",R6B,4,,CAON,,4.5,,
CAON,,22/05/2017,08:05,"TH, JS",R6B,4,,DPON,4.5,,,
D2LY,,22/05/2017,08:05,"TH, JS",R6B,4,,unringed,5.5,,,
FVBY,,22/05/2017,08:57,"TH, JS",R6A,,,JUBY,,,,
JUBY,,22/05/2017,08:57,"TH, JS",R6A,,,FVBY,,,,
7ABY,,22/05/2017,08:57,"TH, JS",R6A,,,UHWB,5,,,4 juveniles
UHWB,,22/05/2017,08:57,"TH, JS",R6A,,,7ABY,,5,,4 juveniles
DKBY,,22/05/2017,08:57,"TH, JS",R6A,,,,,,,juvenile of UHWB & 7ABY
43BY,,22/05/2017,08:57,"TH, JS",R6A,,,,,,,juvenile of UHWB & 7ABY
7IBY,,22/05/2017,08:57,"TH, JS",R6A,,,unringed,,,,
HZBY,,22/05/2017,09:15,"TH, JS",R5,18,,VXBY,6,5,,
VXBY,,22/05/2017,09:15,"TH, JS",R5,18,,HZBY,5,6,,
V9BY,,22/05/2017,09:15,"TH, JS",R5,18,,,4.5,,,juvenile with unringed parents
mKmY,,22/05/2017,09:15,"TH, JS",R5,18,,unringed,5,,,
ZAWR,,22/05/2017,09:39,"TH, JS",R5,28,,,5,6,,3 juveniles
ZHWR,,22/05/2017,09:39,"TH, JS",R5,28,,,6,5,,3 juveniles
IPRR,,22/05/2017,10:03,"TH, JS",R5,30,,unringed,6,,,
9NBY,,22/05/2017,,"TH, JS",R5,45,,,5,,,single
UCBY,,22/05/2017,10:45,"TH, JS",R15,,,IDBY,7,6,,
IDBY,,22/05/2017,10:45,"TH, JS",R15,,,UCBY,6,7,,
67BY,,22/05/2017,10:45,"TH, JS",R15,,,77BY,5,,,
77BY,,22/05/2017,10:45,"TH, JS",R15,,,67BY,,5,,
JTBY,,22/05/2017,10:45,"TH, JS",R15,,,CTBY,,5,,
2PRY,,22/05/2017,10:45,"TH, JS",R15,,,unringed,6,,,
CTBY,,22/05/2017,10:45,"TH, JS",R15,,,JTBY,5,,,
2DBY,,22/05/2017,11:10,"TH, JS",R5,70,,2ZBY,6,6,,
2ZBY,,22/05/2017,11:10,"TH, JS",R5,70,,2DBY,6,6,,
ICBY,,22/05/2017,11:10,"TH, JS",R5,70,,unringed,5.5,,,
DZBY,,22/05/2017,11:10,"TH, JS",R5,70,,4DBY,5,,,
4DBY,,22/05/2017,11:10,"TH, JS",R5,70,,DZBY,5.5,,,
32WB,,22/05/2017,11:44,"TH, JS",R16,,,44WB,,7,,
44WB,,22/05/2017,11:44,"TH, JS",R16,,,32WB,7,,,
XXBY,,22/05/2017,12:47,"TH, JS",R5,300,,CZBY,,,,
CZBY,,22/05/2017,12:47,"TH, JS",R5,300,,XXBY,,,,
AXBY,,22/05/2017,12:47,"TH, JS",R5,300,,2BDBO,5.5,6,,2 juveniles
2BDBO,,22/05/2017,12:47,"TH, JS",R5,300,,AXBY,6,5.5,,2 juveniles
APBB,,22/05/2017,12:47,"TH, JS",R5,300,,INBB,,,,
INBB,,22/05/2017,12:47,"TH, JS",R5,300,,APBB,,,,
ICBY,,22/05/2017,12:47,"TH, JS",R5,300,,,,,,
I3YY,,22/05/2017,12:47,"TH, JS",R5,300,,,,,,
BZBY,,22/05/2017,13:23,"TH, JS",R16,15,,4DBY,5,,,
4DBY,,22/05/2017,13:23,"TH, JS",R16,15,,BZBY,,5,,
V6YY,,22/05/2017,13:40,"TH, JS",R16,5,,unringed,5,,,
6BBY,,22/05/2017,16:45,"TH, JS",R1,26,,6FBY,6,5,,
6FBY,,22/05/2017,16:45,"TH, JS",R1,26,,6BBY,5,6,,
67ON,,22/05/2017,16:45,"TH, JS",R1,26,,K3BY,,,,
K3BY,,22/05/2017,16:45,"TH, JS",R1,26,,67ON,,,,
2PWR,,22/05/2017,17:05,"TH, JS",G3,20,,2NWR,4.5,5.5,,1 juvenile
2NWR,,22/05/2017,17:05,"TH, JS",G3,20,,2PWR,5.5,4.5,,1 juvenile
L3BY,,22/05/2017,17:50,"TH, JS",G3,20,,unringed,5.5,,,
4UBY,,23/05/2017,07:37,"TH, JS",R6A,19,,unringed,6,,,
H3WR,,23/05/2017,07:37,"TH, JS",R6A,35,,unringed,5,,,
XXBY,,23/05/2017,08:25,"TH, JS",R5,10,,CZBY,5,7,,
CZBY,,23/05/2017,08:25,"TH, JS",R5,10,,XXBY,7,5,,
6KBY,,23/05/2017,08:50,"TH, JS",,7,,unringed,5,,,
IHLY,,23/05/2017,09:47,"TH, JS",N3,2,,unringed,4,,,
X6WR,,23/05/2017,10:20,"TH, JS",G3,18,,unringed,6.5,,,2 juveniles
TSRB,,23/05/2017,10:35,"TH, JS",G2,35,,NDRB,5,6,,5 juveniles
NDRB,,23/05/2017,10:35,"TH, JS",G2,35,,TSRB,6,5,,5 juveniles
XXRR,,23/05/2017,10:35,"TH, JS",G2,35,,unringed,4.5,,,
67ON,,23/05/2017,10:35,"TH, JS",G2,40,,K3BY,5.5,4.5,,collared
K3BY,,23/05/2017,10:35,"TH, JS",G2,40,,67ON,4.5,5.5,,
UBRY,,23/05/2017,10:35,"TH, JS",G2,40,,,,,,
ZTRY,,24/05/2017,07:50,"TH, JS",G2,6,,unringed,7,,,
K3BY,,24/05/2017,08:02,"TH, JS",G2,60,,67ON,4.5,5,,
67ON,,24/05/2017,08:02,"TH, JS",G2,60,,K3BY,5,4.5,,
U2BY,,24/05/2017,08:02,"TH, JS",G2,16,,IZBY,5.5,4.5,,1 juvenile
IZBY,,24/05/2017,08:02,"TH, JS",G2,16,,U2BY,4.5,5.5,,1 juvenile
6HBY,,24/05/2017,08:02,"TH, JS",G2,16,,6NBY,,,,
6NBY,,24/05/2017,08:02,"TH, JS",G2,16,,6HBY,,,,
HPBB,,24/05/2017,08:51,"TH, JS",G4,70,,unringed,5,,,
H6BY,,24/05/2017,08:51,"TH, JS",G4,70,,,,,,
ZPBY,,24/05/2017,09:06,"TH, JS",R1,25,,FNON,,,,
FNON,,24/05/2017,09:06,"TH, JS",R1,25,,ZPBY,,,,collared
XSWR,,24/05/2017,09:06,"TH, JS",R1,25,,,6,,,
66RY,,24/05/2017,09:06,"TH, JS",R1,25,,unringed,6,,,
ALBY,,24/05/2017,10:39,"TH, JS",R27,13,,FPBY,5.5,,,3 juveniles
FPBY,,24/05/2017,10:39,"TH, JS",R27,13,,ALBY,,5.5,,3 juveniles
62WB,,25/05/2017,09:00,"TH, JS",G2,70,,unringed,6.5,,,
6BBY,,25/05/2017,09:00,"TH, JS",G2,70,,6FBY,5.5,4.5,,
6FBY,,25/05/2017,09:00,"TH, JS",G2,70,,6BBY,4.5,5.5,,
2BWR,,25/05/2017,09:00,"TH, JS",G2,31,,unringed,4.5,,,
UBRY,,25/05/2017,09:00,"TH, JS",G2,250,,unringed,6,,,
DNBB,,25/05/2017,09:00,"TH, JS",G2,250,,DTBB,6,5,,
DTBB,,25/05/2017,09:00,"TH, JS",G2,250,,DNBB,5.5,6,,
XXRR,,25/05/2017,09:00,"TH, JS",G2,250,,unringed,5,,,
67ON,,25/05/2017,09:00,"TH, JS",G2,250,,K3BY,5.5,5,,collared
K3BY,,25/05/2017,09:00,"TH, JS",G2,250,,67ON,5,5.5,,
6ABY,,25/05/2017,09:00,"TH, JS",G2,250,,6JBY,5,6,,
6JBY,,25/05/2017,09:00,"TH, JS",G2,250,,6ABY,6,5,,
ICBY,,25/05/2017,13:40,"TH, JS",R16,15,,UCBY,5,6.5,,
UCBY,,25/05/2017,13:40,"TH, JS",R16,15,,ICBY,6.5,5,,
CCRY,,25/05/2017,14:10,"TH, JS",R16,55,,FTBY,5.5,4.5,,
FTBY,,25/05/2017,14:10,"TH, JS",R16,55,,CCRY,4.5,5.5,,
D7WR,,25/05/2017,15:05,"TH, JS",R27,2,,2ZWR,6,5.5,,
2ZWR,,25/05/2017,15:05,"TH, JS",R27,2,,D7WR,5.5,6,,
THLY,,25/05/2017,18:33,"TH, JS",R5,35,,unringed,6,,,5 juveniles
H3WR,,25/05/2017,18:33,"TH, JS",R5,35,,unringed,6,,,
P9BY,,25/05/2017,18:33,"TH, JS",R5,35,,J9BY,5.5,6,,
J9BY,,25/05/2017,18:33,"TH, JS",R5,35,,P9BY,6,5.5,,
2JWR,,25/05/2017,19:08,"TH, JS",R5,14,,unringed,6.5,,,
ZHWR,,25/05/2017,20:07,"TH, JS",R24,,,,,,,
ZAWR,,25/05/2017,20:07,"TH, JS",R24,,,,,,,
H6WR,,25/05/2017,20:07,"TH, JS",R24,,,unringed,6,,,
ZAWR,,26/05/2017,06:48,"TH, JS",R6B,63,,ZHWR,5.5,6.5,,
ZHWR,,26/05/2017,06:48,"TH, JS",R6B,63,,ZAWR,6.5,5.5,,
B7BY,,26/05/2017,07:18,"TH, JS",R6A,24,,,5,,,is a juveniles
I3YY,,26/05/2017,07:45,"TH, JS",R5,27,,unringed,6,,,3 juveniles
2CWR,,26/05/2017,07:45,"TH, JS",R5,27,,,6,,,1 juvenile but no partner
4HYY,,26/05/2017,16:17,"TH, JS",R5,40,,unringed,5,,,4 juveniles
43BY,,26/05/2017,16:17,"TH, JS",R5,40,,,4.5,,,juvenile of UHWB & 7ABY
7ABY,,26/05/2017,16:17,"TH, JS",R5,40,,UHWB,,,,4 juveniles
UHWB,,26/05/2017,16:17,"TH, JS",R5,40,,7ABY,,,,4 juveniles
DKBY,,26/05/2017,16:17,"TH, JS",R5,40,,,,,,juvenile of UHWB & 7ABY
2JWR,,26/05/2017,17:30,"TH, JS",R5,20,,unringed,,,,
32BY,,26/05/2017,17:40,"TH, JS",R5,39,,44WB,5.5,7,,
44WB,,26/05/2017,17:40,"TH, JS",R5,39,,32BY,7,5.5,,
2PRY,,27/05/2017,07:22,"TH, JS",R6A,60,,unringed,6,,,
ZTRY,,27/05/2017,09:13,"TH, JS",G3,30,,unringed,6,,,
ZFWB,,27/05/2017,09:24,"TH, JS",G2,2,,unringed,5.5,,,
U2BY,,27/05/2017,09:24,"TH, JS",G2,40,,IZBY,6.5,5,,1 juvenile
IZBY,,27/05/2017,09:24,"TH, JS",G2,40,,U2BY,5,6.5,,1 juvenile
43BY,,25/05/2017,10:08,"TH, JS",G10,,,,4.5,,,JUV
